id,name,location,code,fullname,time,type
0,"普冉股份","上海证券交易所","688766","普冉半导体（上海）股份有限公司","2021-08-23","company"
1,"派瑞股份","深圳证券交易所","300831","西安派瑞功率半导体变流技术股份有限公司","2020-05-07","company"
2,"神工股份","上海证券交易所","688233","锦州神工半导体股份有限公司","2020-02-21","company"
3,"斯达半导","上海证券交易所","603290","嘉兴斯达半导体股份有限公司","2020-02-04","company"
4,"聚辰股份","上海证券交易所","688123","聚辰半导体股份有限公司","上海证券交易所","company"
5,"晶丰明源","上海证券交易所","688368.SH","上海晶丰明源半导体股份有限公司","2019-10-14","company"
6,"中微公司","上海证券交易所","688012.SH","中微半导体设备(上海)股份有限公司","2019-07-22","company"
7,"晶晨股份","上海证券交易所","688099.SH","晶晨半导体(上海)股份有限公司","2019-08-08","company"
8,"晶方科技","上海证券交易所","603005.SH","苏州晶方半导体科技股份有限公司","2014-02-10","company"
9,"台基股份","深圳证券交易所","300046.SZ","湖北台基半导体股份有限公司","2010-01-20","company"
10,"韦尔股份","上海证券交易所","603501.SH","上海韦尔半导体股份有限公司","2017-05-04","company"
11,"上海新阳","深圳证券交易所","300236.SZ","上海新阳半导体材料股份有限公司","2011-06-29","company"
12,"中环股份","深圳证券交易所","002129.SZ","天津中环半导体股份有限公司","2007-04-20","company"
13,"北京君正","深圳证券交易所","300223.SZ","北京君正集成电路股份有限公司","2011-05-31","company"
14,"博通集成","上海证券交易所","603068.SH","博通集成电路(上海)股份有限公司","2019-04-15","company"
15,"利扬芯片","上海证券交易所","688135","广东利扬芯片测试股份有限公司","2020-11-11","company"
16,"强力新材","深圳证券交易所","300429.SZ","常州强力电子新材料股份有限公司","2015-03-24","company"
17,"*ST瑞德","上海证券交易所","600666.SH","奥瑞德光电股份有限公司","1993-07-12","company"
18,"捷捷微电","深圳证券交易所","300623.SZ","江苏捷捷微电子股份有限公司","2017-03-14","company"
19,"复旦微电","上海证券交易所","688385","上海复旦微电子集团股份有限公司","2021-08-04","company"
20,"天微电子","上海证券交易所","688511","四川天微电子股份有限公司","2021-07-30","company"
21,"力芯微","上海证券交易所","688601","无锡力芯微电子股份有限公司","2021-06-28","company"
22,"芯碁微装","上海证券交易所","688630","合肥芯碁微电子装备股份有限公司","2021-04-01","company"
23,"秋田微","深圳证券交易所","300939","深圳秋田微电子股份有限公司","深圳证券交易所","company"
24,"银河微电","上海证券交易所","688689","常州银河世纪微电子股份有限公司","上海证券交易所","company"
25,"明微电子","上海证券交易所","688699","深圳市明微电子股份有限公司","2020-12-18","company"
26,"思瑞浦","上海证券交易所","688536","思瑞浦微电子科技（苏州）股份有限公司","2020-09-21","company"
27,"立昂微","上海证券交易所","605358","杭州立昂微电子股份有限公司","2020-09-11","company"
28,"芯原股份","上海证券交易所","688521","芯原微电子（上海）股份有限公司","2020-08-18","company"
29,"敏芯股份","上海证券交易所","688286","苏州敏芯微电子技术股份有限公司","2020-08-10","company"
30,"力合微","上海证券交易所","688589","深圳市力合微电子股份有限公司","2020-07-22","company"
31,"芯朋微","上海证券交易所","688508","无锡芯朋微电子股份有限公司","2020-07-22","company"
32,"瑞芯微","上海证券交易所","603893","福州瑞芯微电子股份有限公司","2020-02-07","company"
33,"芯源微","上海证券交易所","688037","沈阳芯源微电子设备股份有限公司","上海证券交易所","company"
34,"安集科技","上海证券交易所","688019.SH","安集微电子科技(上海)股份有限公司","2019-07-22","company"
35,"通富微电","深圳证券交易所","002156.SZ","通富微电子股份有限公司","2007-08-16","company"
36,"麦捷科技","深圳证券交易所","300319.SZ","深圳市麦捷微电子科技股份有限公司","2012-05-23","company"
37,"卓胜微","深圳证券交易所","300782.SZ","江苏卓胜微电子股份有限公司","2019-06-18","company"
38,"江化微","上海证券交易所","603078.SH","江阴江化微电子材料股份有限公司","2017-04-10","company"
39,"国科微","深圳证券交易所","300672.SZ","湖南国科微电子股份有限公司","2017-07-12","company"
40,"*ST盈方","深圳证券交易所","000670.SZ","盈方微电子股份有限公司","1996-12-17","company"
41,"深天马A","深圳证券交易所","000050.SZ","天马微电子股份有限公司","1995-03-15","company"
42,"圣邦股份","深圳证券交易所","300661.SZ","圣邦微电子(北京)股份有限公司","2017-06-06","company"
43,"华微电子","上海证券交易所","600360.SH","吉林华微电子股份有限公司","2001-03-16","company"
44,"景嘉微","深圳证券交易所","300474.SZ","长沙景嘉微电子股份有限公司","2016-03-31","company"
45,"捷捷微电","深圳证券交易所","300623.SZ","江苏捷捷微电子股份有限公司","2017-03-14","company"
46,"士兰微","上海证券交易所","600460.SH","杭州士兰微电子股份有限公司","2003-03-11","company"
47,"富瀚微","深圳证券交易所","300613.SZ","上海富瀚微电子股份有限公司","2017-02-20","company"
48,"紫光国微","深圳证券交易所","002049.SZ","紫光国芯微电子股份有限公司","2005-06-06","company"
49,"金自天正","上海证券交易所","600560.SH","北京金自天正智能控制股份有限公司","2002-09-19","company"
50,"华天科技","深圳证券交易所","002185.SZ","天水华天科技股份有限公司","2007-11-20","company"
51,"文一科技","上海证券交易所","600520.SH","文一三佳科技股份有限公司","2002-01-08","company"
52,"锐科激光","深圳证券交易所","300747.SZ","武汉锐科光纤激光技术股份有限公司","2018-06-25","company"
53,"东方中科","深圳证券交易所","002819.SZ","北京东方中科集成科技股份有限公司","2016-11-11","company"
54,"北京君正","深圳证券交易所","300223.SZ","北京君正集成电路股份有限公司","2011-05-31","company"
55,"协鑫集成","深圳证券交易所","002506.SZ","协鑫集成科技股份有限公司","2010-11-18","company"
56,"博通集成","上海证券交易所","603068.SH","博通集成电路(上海)股份有限公司","2019-04-15","company"
57,"*ST集成","深圳证券交易所","002190.SZ","四川成飞集成科技股份有限公司","2007-12-03","company"
58,"亚翔集成","上海证券交易所","603929.SH","亚翔系统集成科技(苏州)股份有限公司","2016-12-30","company"
59,"友邦吊顶","深圳证券交易所","002718.SZ","浙江友邦集成吊顶股份有限公司","2014-01-28","company"
60,"彩虹股份","上海证券交易所","600707.SH","彩虹显示器件股份有限公司","1996-05-20","company"
61,"利扬芯片","上海证券交易所","688135","广东利扬芯片测试股份有限公司","2020-11-11","company"
62,"中富电路","深圳证券交易所","300814","深圳中富电路股份有限公司","2021-08-12","company"
63,"本川智能","深圳证券交易所","300964","江苏本川智能电路科技股份有限公司","2021-08-05","company"
64,"明阳电路","深圳证券交易所","300739.SZ","深圳明阳电路科技股份有限公司","2018-02-01","company"
65,"世运电路","上海证券交易所","603920.SH","广东世运电路科技股份有限公司","2017-04-26","company"
66,"北京君正","深圳证券交易所","300223.SZ","北京君正集成电路股份有限公司","2011-05-31","company"
67,"深南电路","深圳证券交易所","002916.SZ","深南电路股份有限公司","2017-12-13","company"
68,"兴森科技","深圳证券交易所","002436.SZ","深圳市兴森快捷电路科技股份有限公司","2010-06-18","company"
69,"博通集成","上海证券交易所","603068.SH","博通集成电路(上海)股份有限公司","2019-04-15","company"
70,"天津普林","深圳证券交易所","002134.SZ","天津普林电路股份有限公司","2007-05-16","company"
71,"万润科技","深圳证券交易所","002654.SZ","深圳万润科技股份有限公司","2012-02-17","company"
72,"国力股份","上海证券交易所","688103","昆山国力电子科技股份有限公司","2021-09-10","company"
73,"艾为电子","上海证券交易所","688798","上海艾为电子技术股份有限公司","2021-08-16","company"
74,"金百泽","深圳证券交易所","301041","深圳市金百泽电子科技股份有限公司","2021-08-11","company"
75,"复旦微电","上海证券交易所","688385","上海复旦微电子集团股份有限公司","2021-08-04","company"
76,"天微电子","上海证券交易所","688511","四川天微电子股份有限公司","2021-07-30","company"
77,"力芯微","上海证券交易所","688601","无锡力芯微电子股份有限公司","2021-06-28","company"
78,"崧盛股份","深圳证券交易所","301002","深圳市崧盛电子股份有限公司","2021-06-07","company"
79,"霍莱沃","上海证券交易所","688682","上海霍莱沃电子系统技术股份有限公司","2021-04-20","company"
80,"商络电子","深圳证券交易所","300975","南京商络电子股份有限公司","2021-04-21","company"
81,"达瑞电子","深圳证券交易所","300976","东莞市达瑞电子股份有限公司","2021-04-19","company"
82,"上声电子","上海证券交易所","688533","苏州上声电子股份有限公司","2021-04-19","company"
83,"新风光","上海证券交易所","688663","新风光电子科技股份有限公司","2021-04-13","company"
84,"智明达","上海证券交易所","688636","成都智明达电子股份有限公司","2021-04-08","company"
85,"昀冢科技","上海证券交易所","688260","苏州昀冢电子科技股份有限公司","2021-04-06","company"
86,"英力股份","深圳证券交易所","300956","安徽英力电子科技股份有限公司","2021-03-26","company"
87,"芯碁微装","上海证券交易所","688630","合肥芯碁微电子装备股份有限公司","2021-04-01","company"
88,"生益电子","上海证券交易所","688183","生益电子股份有限公司","上海证券交易所","company"
89,"南极光","深圳证券交易所","300940","深圳市南极光电子科技股份有限公司","深圳证券交易所","company"
90,"秋田微","深圳证券交易所","300939","深圳秋田微电子股份有限公司","深圳证券交易所","company"
91,"银河微电","上海证券交易所","688689","常州银河世纪微电子股份有限公司","上海证券交易所","company"
92,"合兴股份","上海证券交易所","605005","合兴汽车电子股份有限公司","上海证券交易所","company"
93,"新亚电子","上海证券交易所","605277","新亚电子股份有限公司","2021-01-06","company"
94,"中瓷电子","深圳证券交易所","003031","河北中瓷电子科技股份有限公司","2021-01-04","company"
95,"明微电子","上海证券交易所","688699","深圳市明微电子股份有限公司","2020-12-18","company"
96,"协和电子","上海证券交易所","605258","江苏协和电子股份有限公司","2020-12-03","company"
97,"声迅股份","深圳证券交易所","003004","北京声迅电子股份有限公司","2020-11-26","company"
98,"科翔股份","深圳证券交易所","300903","广东科翔电子科技股份有限公司","2020-11-05","company"
99,"澳弘电子","上海证券交易所","605058","常州澳弘电子股份有限公司","2020-10-21","company"
100,"伟时电子","上海证券交易所","605218","伟时电子股份有限公司","2020-09-28","company"
101,"思瑞浦","上海证券交易所","688536","思瑞浦微电子科技（苏州）股份有限公司","2020-09-21","company"
102,"奕瑞科技","上海证券交易所","688301","上海奕瑞光电子科技股份有限公司","2020-09-18","company"
103,"立昂微","上海证券交易所","605358","杭州立昂微电子股份有限公司","2020-09-11","company"
104,"欧陆通","深圳证券交易所","300870","深圳欧陆通电子股份有限公司","2020-08-24","company"
105,"蓝盾光电","深圳证券交易所","300862","安徽蓝盾光电子股份有限公司","2020-08-24","company"
106,"芯原股份","上海证券交易所","688521","芯原微电子（上海）股份有限公司","2020-08-18","company"
107,"格林达","上海证券交易所","603931","杭州格林达电子材料股份有限公司","2020-08-19","company"
108,"敏芯股份","上海证券交易所","688286","苏州敏芯微电子技术股份有限公司","2020-08-10","company"
109,"盟升电子","上海证券交易所","688311","成都盟升电子技术股份有限公司","2020-07-31","company"
110,"力合微","上海证券交易所","688589","深圳市力合微电子股份有限公司","2020-07-22","company"
111,"芯朋微","上海证券交易所","688508","无锡芯朋微电子股份有限公司","2020-07-22","company"
112,"四会富仕","深圳证券交易所","300852","四会富仕电子科技股份有限公司","2020-07-13","company"
113,"云涌科技","上海证券交易所","688060","江苏云涌电子科技股份有限公司","2020-07-10","company"
114,"帝科股份","深圳证券交易所","300842","无锡帝科电子材料股份有限公司","2020-06-18","company"
115,"浩洋股份","深圳证券交易所","300833","广州市浩洋电子股份有限公司","2020-05-20","company"
116,"朝阳科技","深圳证券交易所","002981","广东朝阳电子科技股份有限公司","2020-04-17","company"
117,"科安达","深圳证券交易所","002972","深圳科安达电子科技股份有限公司","2019-12-27","company"
118,"兴图新科","上海证券交易所","688081","武汉兴图新科电子股份有限公司","2020-01-06","company"
119,"博杰股份","深圳证券交易所","002975","珠海博杰电子股份有限公司","2020-02-05","company"
120,"瑞芯微","上海证券交易所","603893","福州瑞芯微电子股份有限公司","2020-02-07","company"
121,"芯源微","上海证券交易所","688037","沈阳芯源微电子设备股份有限公司","上海证券交易所","company"
122,"宏和科技","上海证券交易所","603256.SH","宏和电子材料科技股份有限公司","2019-07-19","company"
123,"柏楚电子","上海证券交易所","688188.SH","上海柏楚电子科技股份有限公司","2019-08-08","company"
124,"方邦股份","上海证券交易所","688020.SH","广州方邦电子股份有限公司","2019-07-22","company"
125,"安集科技","上海证券交易所","688019.SH","安集微电子科技(上海)股份有限公司","2019-07-22","company"
126,"海星股份","上海证券交易所","603115.SH","南通海星电子股份有限公司","2019-08-09","company"
127,"广东骏亚","上海证券交易所","603386.SH","广东骏亚电子科技股份有限公司","2017-09-12","company"
128,"瑞丰光电","深圳证券交易所","300241.SZ","深圳市瑞丰光电子股份有限公司","2011-07-12","company"
129,"中京电子","深圳证券交易所","002579.SZ","惠州中京电子科技股份有限公司","2011-05-06","company"
130,"依顿电子","上海证券交易所","603328.SH","广东依顿电子科技股份有限公司","2014-07-01","company"
131,"春秋电子","上海证券交易所","603890.SH","苏州春秋电子科技股份有限公司","2017-12-12","company"
132,"日盈电子","上海证券交易所","603286.SH","江苏日盈电子股份有限公司","2017-06-27","company"
133,"苏州固锝","深圳证券交易所","002079.SZ","苏州固锝电子股份有限公司","2006-11-16","company"
134,"强力新材","深圳证券交易所","300429.SZ","常州强力电子新材料股份有限公司","2015-03-24","company"
135,"通富微电","深圳证券交易所","002156.SZ","通富微电子股份有限公司","2007-08-16","company"
136,"沪电股份","深圳证券交易所","002463.SZ","沪士电子股份有限公司","2010-08-18","company"
137,"东尼电子","上海证券交易所","603595.SH","浙江东尼电子股份有限公司","2017-07-12","company"
138,"洁美科技","深圳证券交易所","002859.SZ","浙江洁美电子科技股份有限公司","2017-04-07","company"
139,"英飞特","深圳证券交易所","300582.SZ","英飞特电子(杭州)股份有限公司","2016-12-28","company"
140,"先锋电子","深圳证券交易所","002767.SZ","杭州先锋电子技术股份有限公司","2015-06-12","company"
141,"维宏股份","深圳证券交易所","300508.SZ","上海维宏电子科技股份有限公司","2016-04-19","company"
142,"中航电子","上海证券交易所","600372.SH","中航航空电子系统股份有限公司","2001-07-06","company"
143,"超声电子","深圳证券交易所","000823.SZ","广东汕头超声电子股份有限公司","1997-10-08","company"
144,"弘信电子","深圳证券交易所","300657.SZ","厦门弘信电子科技股份有限公司","2017-05-23","company"
145,"星云股份","深圳证券交易所","300648.SZ","福建星云电子股份有限公司","2017-04-25","company"
146,"通光线缆","深圳证券交易所","300265.SZ","江苏通光电子线缆股份有限公司","2011-09-16","company"
147,"扬杰科技","深圳证券交易所","300373.SZ","扬州扬杰电子科技股份有限公司","2014-01-23","company"
148,"微光股份","深圳证券交易所","002801.SZ","杭州微光电子股份有限公司","2016-06-22","company"
149,"东风科技","上海证券交易所","600081.SH","东风电子科技股份有限公司","1997-07-03","company"
150,"环旭电子","上海证券交易所","601231.SH","环旭电子股份有限公司","2012-02-20","company"
151,"好利来","深圳证券交易所","002729.SZ","好利来(中国)电子科技股份有限公司","2014-09-12","company"
152,"迈瑞医疗","深圳证券交易所","300760.SZ","深圳迈瑞生物医疗电子股份有限公司","2018-10-16","company"
153,"德赛西威","深圳证券交易所","002920.SZ","惠州市德赛西威汽车电子股份有限公司","2017-12-26","company"
154,"富满电子","深圳证券交易所","300671.SZ","深圳市富满电子集团股份有限公司","2017-07-05","company"
155,"民德电子","深圳证券交易所","300656.SZ","深圳市民德电子科技股份有限公司","2017-05-19","company"
156,"麦捷科技","深圳证券交易所","300319.SZ","深圳市麦捷微电子科技股份有限公司","2012-05-23","company"
157,"广电运通","深圳证券交易所","002152.SZ","广州广电运通金融电子股份有限公司","2007-08-13","company"
158,"卓胜微","深圳证券交易所","300782.SZ","江苏卓胜微电子股份有限公司","2019-06-18","company"
159,"恒铭达","深圳证券交易所","002947.SZ","苏州恒铭达电子科技股份有限公司","2019-02-01","company"
160,"利通电子","上海证券交易所","603629.SH","江苏利通电子股份有限公司","2018-12-24","company"
161,"兴瑞科技","深圳证券交易所","002937.SZ","宁波兴瑞电子科技股份有限公司","2018-09-26","company"
162,"江化微","上海证券交易所","603078.SH","江阴江化微电子材料股份有限公司","2017-04-10","company"
163,"联创电子","深圳证券交易所","002036.SZ","联创电子科技股份有限公司","2004-09-03","company"
164,"国科微","深圳证券交易所","300672.SZ","湖南国科微电子股份有限公司","2017-07-12","company"
165,"武汉凡谷","深圳证券交易所","002194.SZ","武汉凡谷电子技术股份有限公司","2007-12-07","company"
166,"精测电子","深圳证券交易所","300567.SZ","武汉精测电子集团股份有限公司","2016-11-22","company"
167,"*ST盈方","深圳证券交易所","000670.SZ","盈方微电子股份有限公司","1996-12-17","company"
168,"新亚制程","深圳证券交易所","002388.SZ","深圳市新亚电子制程股份有限公司","2010-04-13","company"
169,"华东科技","深圳证券交易所","000727.SZ","南京华东电子信息科技股份有限公司","1997-05-20","company"
170,"深天马A","深圳证券交易所","000050.SZ","天马微电子股份有限公司","1995-03-15","company"
171,"景旺电子","上海证券交易所","603228.SH","深圳市景旺电子股份有限公司","2017-01-06","company"
172,"同洲电子","深圳证券交易所","002052.SZ","深圳市同洲电子股份有限公司","2006-06-27","company"
173,"奥拓电子","深圳证券交易所","002587.SZ","深圳市奥拓电子股份有限公司","2011-06-10","company"
174,"证通电子","深圳证券交易所","002197.SZ","深圳市证通电子股份有限公司","2007-12-18","company"
175,"博敏电子","上海证券交易所","603936.SH","博敏电子股份有限公司","2015-12-09","company"
176,"得润电子","深圳证券交易所","002055.SZ","深圳市得润电子股份有限公司","2006-07-25","company"
177,"赛腾股份","上海证券交易所","603283.SH","苏州赛腾精密电子股份有限公司","2017-12-25","company"
178,"南京熊猫","上海证券交易所","600775.SH","南京熊猫电子股份有限公司","1996-11-18","company"
179,"江丰电子","深圳证券交易所","300666.SZ","宁波江丰电子材料股份有限公司","2017-06-15","company"
180,"立立电子","深圳证券交易所","002257.SZ","浙江金瑞泓科技股份有限公司","深圳证券交易所","company"
181,"中威电子","深圳证券交易所","300270.SZ","杭州中威电子股份有限公司","2011-10-12","company"
182,"康强电子","深圳证券交易所","002119.SZ","宁波康强电子股份有限公司","2007-03-02","company"
183,"恒生电子","上海证券交易所","600570.SH","恒生电子股份有限公司","2003-12-16","company"
184,"天龙股份","上海证券交易所","603266.SH","宁波天龙电子股份有限公司","2017-01-10","company"
185,"鸿远电子","上海证券交易所","603267.SH","北京元六鸿远电子科技股份有限公司","2019-05-15","company"
186,"圣邦股份","深圳证券交易所","300661.SZ","圣邦微电子(北京)股份有限公司","2017-06-06","company"
187,"威帝股份","上海证券交易所","603023.SH","哈尔滨威帝电子股份有限公司","2015-05-27","company"
188,"华微电子","上海证券交易所","600360.SH","吉林华微电子股份有限公司","2001-03-16","company"
189,"南天信息","深圳证券交易所","000948.SZ","云南南天电子信息产业股份有限公司","1999-10-14","company"
190,"天奥电子","深圳证券交易所","002935.SZ","成都天奥电子股份有限公司","2018-09-03","company"
191,"旭光股份","上海证券交易所","600353.SH","成都旭光电子股份有限公司","2002-11-20","company"
192,"烽火电子","深圳证券交易所","000561.SZ","陕西烽火电子股份有限公司","1994-05-09","company"
193,"新开普","深圳证券交易所","300248.SZ","新开普电子股份有限公司","2011-07-29","company"
194,"濮阳惠成","深圳证券交易所","300481.SZ","濮阳惠成电子材料股份有限公司","2015-06-30","company"
195,"宏达电子","深圳证券交易所","300726.SZ","株洲宏达电子股份有限公司","2017-11-21","company"
196,"景嘉微","深圳证券交易所","300474.SZ","长沙景嘉微电子股份有限公司","2016-03-31","company"
197,"航天电子","上海证券交易所","600879.SH","航天时代电子技术股份有限公司","1995-11-15","company"
198,"精伦电子","上海证券交易所","600355.SH","精伦电子股份有限公司","2002-06-13","company"
199,"*ST宇顺","深圳证券交易所","002289.SZ","深圳市宇顺电子股份有限公司","2009-09-03","company"
200,"共进股份","上海证券交易所","603118.SH","深圳市共进电子股份有限公司","2015-02-25","company"
201,"科陆电子","深圳证券交易所","002121.SZ","深圳市科陆电子科技股份有限公司","2007-03-06","company"
202,"顺络电子","深圳证券交易所","002138.SZ","深圳顺络电子股份有限公司","2007-06-13","company"
203,"宏昌电子","上海证券交易所","603002.SH","宏昌电子材料股份有限公司","2012-05-18","company"
204,"乐心医疗","深圳证券交易所","300562.SZ","广东乐心医疗电子股份有限公司","2016-11-16","company"
205,"欣旺达","深圳证券交易所","300207.SZ","欣旺达电子股份有限公司","2011-04-21","company"
206,"视源股份","深圳证券交易所","002841.SZ","广州视源电子科技股份有限公司","2017-01-19","company"
207,"光莆股份","深圳证券交易所","300632.SZ","厦门光莆电子股份有限公司","2017-04-06","company"
208,"ST厦华","上海证券交易所","600870.SH","厦门华侨电子股份有限公司","1995-02-28","company"
209,"福日电子","上海证券交易所","600203.SH","福建福日电子股份有限公司","1999-05-14","company"
210,"法拉电子","上海证券交易所","600563.SH","厦门法拉电子股份有限公司","2002-12-10","company"
211,"火炬电子","上海证券交易所","603678.SH","福建火炬电子科技股份有限公司","2015-01-26","company"
212,"四创电子","上海证券交易所","600990.SH","安徽四创电子股份有限公司","2004-05-10","company"
213,"铜峰电子","上海证券交易所","600237.SH","安徽铜峰电子股份有限公司","2000-06-09","company"
214,"神思电子","深圳证券交易所","300479.SZ","神思电子技术股份有限公司","2015-06-12","company"
215,"东方电子","深圳证券交易所","000682.SZ","东方电子股份有限公司","1997-01-21","company"
216,"浪潮信息","深圳证券交易所","000977.SZ","浪潮电子信息产业股份有限公司","2000-06-08","company"
217,"积成电子","深圳证券交易所","002339.SZ","积成电子股份有限公司","2010-01-22","company"
218,"新联电子","深圳证券交易所","002546.SZ","南京新联电子股份有限公司","2011-02-11","company"
219,"奥联电子","深圳证券交易所","300585.SZ","南京奥联汽车电子电器股份有限公司","2016-12-29","company"
220,"银河电子","深圳证券交易所","002519.SZ","江苏银河电子股份有限公司","2010-12-07","company"
221,"捷捷微电","深圳证券交易所","300623.SZ","江苏捷捷微电子股份有限公司","2017-03-14","company"
222,"均胜电子","上海证券交易所","600699.SH","宁波均胜电子股份有限公司","1993-12-06","company"
223,"士兰微","上海证券交易所","600460.SH","杭州士兰微电子股份有限公司","2003-03-11","company"
224,"宁波华翔","深圳证券交易所","002048.SZ","宁波华翔电子股份有限公司","2005-06-03","company"
225,"德宏股份","上海证券交易所","603701.SH","浙江德宏汽车电子电器股份有限公司","2016-04-12","company"
226,"东晶电子","深圳证券交易所","002199.SZ","浙江东晶电子股份有限公司","2007-12-21","company"
227,"上海钢联","深圳证券交易所","300226.SZ","上海钢联电子商务股份有限公司","2011-06-08","company"
228,"徕木股份","上海证券交易所","603633.SH","上海徕木电子股份有限公司","2016-11-17","company"
229,"古鳌科技","深圳证券交易所","300551.SZ","上海古鳌电子科技股份有限公司","2016-10-18","company"
230,"富瀚微","深圳证券交易所","300613.SZ","上海富瀚微电子股份有限公司","2017-02-20","company"
231,"中颖电子","深圳证券交易所","300327.SZ","中颖电子股份有限公司","2012-06-13","company"
232,"跨境通","深圳证券交易所","002640.SZ","跨境通宝电子商务股份有限公司","2011-12-08","company"
233,"紫光国微","深圳证券交易所","002049.SZ","紫光国芯微电子股份有限公司","2005-06-06","company"
234,"通合科技","深圳证券交易所","300491.SZ","石家庄通合电子科技股份有限公司","2015-12-31","company"
235,"九安医疗","深圳证券交易所","002432.SZ","天津九安医疗电子股份有限公司","2010-06-10","company"
236,"电子城","上海证券交易所","600658.SH","北京电子城投资开发集团股份有限公司","1993-05-24","company"