id,name,code,type
2659,"半导体","270100","industry"
2660,"半导体材料","270103","industry"
2661,"半导体设备","270108","industry"
2662,"数字芯片设计","270104","industry"
2663,"模拟芯片设计","270105","industry"
2664,"集成电路制造","270106","industry"
2665,"集成电路封测","270107","industry"
2666,"分立器件","270102","industry"
2667,"工程机械器件","640602","industry"
2668,"通信网络设备及器件","730204","industry"
2669,"LED","270302","industry"
2670,"面板","270301","industry"
2671,"印制电路板","270202","industry"
2672,"电子","270000","industry"
2673,"分立器件","270102","industry"
2674,"元件","270200","industry"
2675,"印制电路板","270202","industry"
2676,"被动元件","270203","industry"
2677,"光学光电子","270300","industry"
2678,"面板","270301","industry"
2679,"光学元件","270303","industry"
2680,"其他电子Ⅱ","270400","industry"
2681,"其他电子Ⅲ","270401","industry"
2682,"消费电子","270500","industry"
2683,"品牌消费电子","270503","industry"
2684,"消费电子零部件及组装","270504","industry"
2685,"计算机","710000","industry"
2686,"计算机设备","710100","industry"
2687,"安防设备","710102","industry"
2688,"其他计算机设备","710103","industry"
2689,"电子","270000","industry"
2690,"光学光电子","270300","industry"
2691,"其他电子Ⅱ","270400","industry"
2692,"其他电子Ⅲ","270401","industry"
2693,"消费电子","270500","industry"
2694,"品牌消费电子","270503","industry"
2695,"消费电子零部件及组装","270504","industry"
2696,"电子化学品Ⅱ","270600","industry"
2697,"电子化学品Ⅲ","270601","industry"
2698,"汽车电子电气系统","280206","industry"
2699,"军工电子Ⅱ","650500","industry"
2700,"军工电子Ⅲ","650501","industry"