id,name,type
237,"分子半导体材料","product"
238,"半导体类微机电产品","product"
239,"半导体零配件","product"
240,"半导体热敏电阻","product"
241,"半导体业务","product"
242,"发射红色激光半导体激光二极管","product"
243,"半导体激光电源","product"
244,"半导体照明设备","product"
245,"设计电力半导体器件","product"
246,"功率半导体分立器件","product"
247,"半导体硅片","product"
248,"半导体测试板","product"
249,"半导体专用化学品","product"
250,"光半导体","product"
251,"半导体照明","product"
252,"半导体工艺制成数字集成器件","product"
253,"半导体石英玻璃材料","product"
254,"微晶半导体","product"
255,"化合物半导体业务分部","product"
256,"半导体设备","product"
257,"半导体硅","product"
258,"半导体照明通信","product"
259,"PN半导体","product"
260,"半导体光伏","product"
261,"半导体分销","product"
262,"半导体材料及器件","product"
263,"半导体电子元件","product"
264,"半导体光放大器","product"
265,"宽禁带半导体材料","product"
266,"标准半导体工艺兼容材料","product"
267,"电子半导体专用设备","product"
268,"半导体芯片凸块","product"
269,"半导体芯片及计算机软","product"
270,"是两种以上半导体","product"
271,"化合物半导体材料","product"
272,"半导体器件专用设备","product"
273,"半导体硅硒","product"
274,"半导体器件","product"
275,"N型半导体","product"
276,"非晶态半导体器件","product"
277,"半导体集成电路","product"
278,"半导体制冷片","product"
279,"半导体封装模具","product"
280,"半导体显示器件","product"
281,"复合半导体","product"
282,"半导体封测装备类","product"
283,"半导体光刻胶光引发剂","product"
284,"半导体及光电材料","product"
285,"半导体器件及集成电路","product"
286,"半导体二极管（","product"
287,"功率半导体","product"
288,"半导体部件","product"
289,"P型半导体","product"
290,"半导体化学材料","product"
291,"半导体及光伏精密设备","product"
292,"半导体自动化设备","product"
293,"半导体发光二极管","product"
294,"半导体芯片","product"
295,"半导体材料制备设备","product"
296,"半导体衬底晶圆","product"
297,"半导体激光系列","product"
298,"光电半导体材料","product"
299,"半导体二极管","product"
300,"半导体照明产品","product"
301,"半导体光应用","product"
302,"半导体生产过程智能化设备","product"
303,"生产硅基半导体集成","product"
304,"现代半导体","product"
305,"半导体掺杂沉积光伏设备","product"
306,"功率半导体芯片","product"
307,"存储半导体业务","product"
308,"无晶圆厂半导体","product"
309,"电力半导体元器件","product"
310,"半导体塑料封装及设备","product"
311,"半导体材料","product"
312,"功率半导体器件","product"
313,"化合物半导体","product"
314,"大功率半导体激光器","product"
315,"PZT半导体压电晶体材料","product"
316,"半导体元器件封装测试","product"
317,"本征半导体","product"
318,"半导体碳基","product"
319,"半导体分部","product"
320,"半导体元器件","product"
321,"玻璃半导体","product"
322,"半导体照明和显示","product"
323,"分立半导体器件","product"
324,"高感光度半导体材料","product"
325,"电力电子半导体元器件","product"
326,"半导体集成电路研发","product"
327,"半导体分立器件制造","product"
328,"半导体LED装饰灯","product"
329,"半导体显示材料","product"
330,"半导体装备","product"
331,"半导体整流器","product"
332,"半导体电池","product"
333,"微晶半导体材料","product"
334,"可调谐半导体激光器","product"
335,"光电半导体器件","product"
336,"半导体前驱体材料","product"
337,"二维半导体材料","product"
338,"有机半导体材料","product"
339,"半导体类","product"
340,"半导体分立器件","product"
341,"半导体硒化镉","product"
342,"半导体设计","product"
343,"非锗半导体材料级","product"
344,"半导体用石英玻璃材料","product"
345,"半导体","product"
346,"半导体精密加工","product"
347,"半导体化学品","product"
348,"半导体应变片","product"
349,"半导体光伏材料","product"
350,"半导体计算器","product"
351,"有机半导体","product"
352,"以及半导体材料","product"
353,"半导体LED照明","product"
354,"半导体元件","product"
355,"半导体材料与器件","product"
356,"集成电路芯片","product"
357,"集成电路销售合同","product"
358,"高精密集成电路","product"
359,"集成电路产品","product"
360,"大规模集成电路","product"
361,"微波混合集成电路","product"
362,"集成电路测试","product"
363,"集成电路制造业务","product"
364,"电子集成电路设计","product"
365,"电子及集成电路胶带","product"
366,"集成电路封装测试","product"
367,"数字集成电路","product"
368,"集成电路引线框架","product"
369,"集成电路制造","product"
370,"半导体集成电路","product"
371,"专用集成电路","product"
372,"集成电路研发","product"
373,"集成电路MMIC","product"
374,"集成电路制造设备","product"
375,"半导体器件及集成电路","product"
376,"集成电路业务","product"
377,"集成电路装备","product"
378,"混合集成电路","product"
379,"中大规模集成电路","product"
380,"集成电路","product"
381,"各类集成电路","product"
382,"集成电路电板","product"
383,"集成电路与关键元器件","product"
384,"模拟集成电路","product"
385,"特种集成电路","product"
386,"特定用途集成电路","product"
387,"军民用集成电路","product"
388,"半导体集成电路研发","product"
389,"集成电路芯片设计","product"
390,"集成电路设计","product"
391,"集成电路贸易","product"
392,"集成电路生产","product"
393,"集成电路封装测试材料","product"
394,"集成电路和关键元器件","product"
395,"电力集成电路","product"
396,"集成电路模块","product"
397,"集成电路封测","product"
398,"膜集成电路","product"
399,"集成电路及元器件","product"
400,"微电子集成电路","product"
401,"集成电路验证与分析服务","product"
402,"集成电路板二","product"
403,"组装集成电路设备","product"
404,"集成电路板","product"
405,"Soc芯片-喷墨打印耗材芯片","product"
406,"集成电路芯片","product"
407,"数字芯片植入","product"
408,"数字处理芯片","product"
409,"高性能芯片","product"
410,"AI音视频系统终端芯片","product"
411,"人工智能芯片","product"
412,"固定电话芯片","product"
413,"嵌入式芯片","product"
414,"RF射频芯片","product"
415,"智能芯片","product"
416,"芯片封测","product"
417,"LED芯片-绿光","product"
418,"非晶体硅太阳能电池芯片","product"
419,"AI音视频系统芯片","product"
420,"SOC芯片","product"
421,"三结聚光太阳电池芯片","product"
422,"数字通讯芯片","product"
423,"便携消费电子cpu芯片","product"
424,"LED芯片","product"
425,"无线连接芯片","product"
426,"芯片武器","product"
427,"便携消费电子CPU芯片","product"
428,"安全芯片与模块","product"
429,"led芯片","product"
430,"指纹识别芯片","product"
431,"肖特基芯片","product"
432,"驱动类芯片","product"
433,"芯片销售分部","product"
434,"便携教育电子cpu芯片","product"
435,"芯片测试服务","product"
436,"晶震控制芯片","product"
437,"密码芯片","product"
438,"SoC芯片","product"
439,"固态存储系列芯片","product"
440,"R芯片","product"
441,"非电信类智能卡芯片","product"
442,"卫星直播芯片","product"
443,"南桥芯片","product"
444,"智能视频监控系列芯片","product"
445,"三维芯片","product"
446,"Soc芯片-激光打印耗材芯片","product"
447,"物联网系列芯片","product"
448,"ASIC芯片-激光打印耗材芯片","product"
449,"半导体芯片凸块","product"
450,"半导体芯片及计算机软","product"
451,"语音处理芯片","product"
452,"晶体硅太阳电池芯片","product"
453,"LED芯片-蓝光","product"
454,"生物芯片","product"
455,"无线收发芯片","product"
456,"智能机顶盒芯片","product"
457,"AI芯片","product"
458,"加密芯片","product"
459,"RFID芯片","product"
460,"高速光电收发芯片","product"
461,"模拟与互联芯片销售","product"
462,"外延片芯片","product"
463,"智能电视芯片","product"
464,"电源管理类芯片","product"
465,"MEMS压力传感器芯片","product"
466,"芯片类","product"
467,"智能终端芯片","product"
468,"基因芯片","product"
469,"计算机芯片","product"
470,"北桥芯片","product"
471,"LED蓝光芯片","product"
472,"存储芯片销售","product"
473,"芯片销售","product"
474,"半导体芯片","product"
475,"密码生成芯片","product"
476,"soc芯片","product"
477,"广播电视系列芯片","product"
478,"芯片设计","product"
479,"芯片业务","product"
480,"存储器芯片业务","product"
481,"智能LED照明驱动芯片","product"
482,"MOSFET类芯片","product"
483,"存储芯片","product"
484,"主芯片","product"
485,"薄膜太阳能电池芯片","product"
486,"电容触控芯片","product"
487,"视频编解码系列芯片","product"
488,"音乐芯片","product"
489,"功率半导体芯片","product"
490,"芯片领域","product"
491,"互连类芯片","product"
492,"芯片镊子","product"
493,"显示芯片","product"
494,"GLTE芯片","product"
495,"红外成像芯片与器件","product"
496,"SIP芯片类","product"
497,"芯片封装","product"
498,"智能电源管理芯片","product"
499,"安全芯片类","product"
500,"传感器芯片","product"
501,"含芯片","product"
502,"SoC芯片类","product"
503,"智能安全芯片","product"
504,"含嵌入式软件的芯片","product"
505,"电源管理芯片","product"
506,"发光二极管芯片","product"
507,"超多端口千兆以太网交换芯片","product"
508,"便携教育电子CPU芯片","product"
509,"芯片封装支架","product"
510,"微处理器芯片销售","product"
511,"数据通讯芯片","product"
512,"芯片系列","product"
513,"LED绿光芯片","product"
514,"内存接口芯片","product"
515,"非晶硅太阳电池芯片","product"
516,"智能终端应用处理器芯片","product"
517,"芯片类业务","product"
518,"IC芯片","product"
519,"集成电路芯片设计","product"
520,"分立器件芯片","product"
521,"ASIC芯片-喷墨打印耗材芯片","product"
522,"基带芯片","product"
523,"一块芯片","product"
524,"分立器件芯片销售","product"
525,"图像处理芯片","product"
526,"视频监控多媒体处理芯片","product"
527,"数字信号处理芯片","product"
528,"消费电子芯片","product"
529,"细胞芯片","product"
530,"芯片","product"
531,"生态负离子生成芯片","product"
532,"通用LED照明驱动芯片","product"
533,"指纹芯片","product"
534,"智能视频芯片销售","product"
535,"硅基液晶投影显示芯片","product"
536,"非晶硅太阳能电池芯片","product"
537,"外延芯片","product"
538,"通讯芯片类","product"
539,"芯片封装测试","product"
540,"射频芯片","product"
541,"赛格导航芯片","product"
542,"将CPU芯片","product"
543,"耗材芯片","product"
544,"微处理器芯片","product"
545,"IC卡远传水表","product"
546,"盐酸多星脂质体DOXORUBICINHCL","product"
547,"IC卡智能燃气表","product"
548,"IC封装基板","product"
549,"ASIC","product"
550,"控制IC","product"
551,"金融IC卡","product"
552,"ICP焰炬","product"
553,"IC卡冷水水表","product"
554,"ICT咨询与设计服务","product"
555,"非接触式IC卡","product"
556,"IC卡","product"
557,"非接触式IC卡读卡器","product"
558,"ICT领域","product"
559,"SIC键","product"
560,"ICT园区开发与运营","product"
561,"ICT基础设施","product"
562,"MOSAIC","product"
563,"ICT服务与解决方案","product"
564,"ICP-MS","product"
565,"软件-e.office","product"
566,"IC卡读写机具及配件","product"
567,"ASIC芯片-激光打印耗材芯片","product"
568,"IC卡读写机具","product"
569,"Patricia","product"
570,"eDevice系列","product"
571,"非接触IC智能卡","product"
572,"配件及IC卡","product"
573,"ICT网络集成","product"
574,"PIC杂交猪","product"
575,"电源IC","product"
576,"ICT运营管理","product"
577,"IC卡智能系统","product"
578,"集成电路MMIC","product"
579,"IC矮星系","product"
580,"民用IC卡智能燃气表","product"
581,"IC","product"
582,"组装IC卡读写机","product"
583,"IC电路","product"
584,"IC卡居住证","product"
585,"MMIC","product"
586,"IC分销业务","product"
587,"e-office","product"
588,"IC卡智能燃气表整表控制装置","product"
589,"IC芯片","product"
590,"以及包含IC卡读写机","product"
591,"TGIC固化剂","product"
592,"DIC棱镜","product"
593,"ASIC芯片-喷墨打印耗材芯片","product"
594,"ICT运营服务","product"
595,"ICT网络技术服务","product"
596,"ICASH","product"
597,"碳化硅SIC","product"
598,"ICT与服务解决方案","product"
599,"IC卡机具设备","product"
600,"ICT","product"
601,"传统IC工艺在硅片","product"
602,"细微电磁线","product"
603,"微电网系统与解决方案","product"
604,"微电子学院","product"
605,"微电子产品","product"
606,"微电解设备","product"
607,"微电脑智能控制器","product"
608,"微电子学相结合","product"
609,"微电脑","product"
610,"微电脑枕","product"
611,"微电子及元器件","product"
612,"微电机","product"
613,"微电网并网产品","product"
614,"有刷直流微电机","product"
615,"微电子","product"
616,"微电网系统产品","product"
617,"智能微电网","product"
618,"微电子贸易","product"
619,"微电子材料","product"
620,"微电脑控制系统","product"
621,"航天微电子元器件","product"
622,"微电子类","product"
623,"微电解填料","product"
624,"许多微电路","product"
625,"微电子集成电路","product"
626,"微电子器件","product"
627,"大量微电子元器件","product"
628,"微电路模块","product"
629,"智慧城市集成采购业务","product"
630,"集成电路芯片","product"
631,"集成电路销售合同","product"
632,"个人移动信息终端集成销售服务","product"
633,"售后服务及系统集成","product"
634,"系统集成及服务","product"
635,"集成服务","product"
636,"安全服务与集成","product"
637,"微波集成传输线","product"
638,"智能信息系统集成与研发","product"
639,"系统集成与建筑智能化","product"
640,"集成逻辑门","product"
641,"系统集成与硬件销售","product"
642,"工业AI集成应用解决方案","product"
643,"信息系统集成与技术服务","product"
644,"光伏电站系统集成","product"
645,"矿用集成","product"
646,"集成三仙丹","product"
647,"智能制造方案集成与设备制造","product"
648,"高精密集成电路","product"
649,"集成供暖","product"
650,"信息系统集成","product"
651,"机器人系统集成","product"
652,"集成电路产品","product"
653,"全集成主板","product"
654,"智能电网系统集成","product"
655,"系统集成中心业务","product"
656,"智能仓储系统集成","product"
657,"网络系统及系统集成","product"
658,"系统集成及相关服务","product"
659,"空间环境艺术设计服务多媒体集成","product"
660,"智能制造集成","product"
661,"自动化控制系统集成","product"
662,"集成传感器","product"
663,"系统集成服务业务","product"
664,"大规模集成电路","product"
665,"水处理设备集成销售系统","product"
666,"风电设备集成","product"
667,"微波混合集成电路","product"
668,"软件系统集成","product"
669,"通信信息网络系统集成","product"
670,"计算机信息设备系统集成","product"
671,"智能制造系统集成","product"
672,"机器人集成项目","product"
673,"安全集成与运营服务","product"
674,"半导体工艺制成数字集成器件","product"
675,"供应链集成","product"
676,"通信集成服务","product"
677,"软件系统集成和信息","product"
678,"系统集成与成套制造","product"
679,"集成电路测试","product"
680,"安全集成与服务","product"
681,"集成电路制造业务","product"
682,"光子集成","product"
683,"高增值集成服务","product"
684,"高纯工艺集成系统","product"
685,"系统集成销售","product"
686,"智能交通系统集成","product"
687,"综合智慧能源系统集成","product"
688,"IT系统集成","product"
689,"系统集成业务","product"
690,"计算机应用系统集成","product"
691,"系统集成购销","product"
692,"信息集成服务","product"
693,"高端液压集成分部","product"
694,"电子集成电路设计","product"
695,"信息化技术集成服务","product"
696,"与系统集成服务","product"
697,"信息系统集成等","product"
698,"计算机测控系统集成","product"
699,"机器人自动化集成","product"
700,"多渠道视频集成与分发","product"
701,"电子及集成电路胶带","product"
702,"信息安全系统集成","product"
703,"集成电路封装测试","product"
704,"智能物流系统集成","product"
705,"集成运维","product"
706,"数字集成电路","product"
707,"教育系统集成","product"
708,"聚集成束神经纤维","product"
709,"通信网络系统集成","product"
710,"智能大厦弱电系统集成","product"
711,"弱电智能系统集成","product"
712,"安全集成综合项目","product"
713,"交通工程系统集成","product"
714,"软件与系统集成","product"
715,"网点智能化集成与设备","product"
716,"光通信网络设计与系统集成","product"
717,"集成电路引线框架","product"
718,"电站系统集成","product"
719,"设备集成","product"
720,"储能系统集成","product"
721,"光网络与系统集成","product"
722,"信息化与系统集成技术开发","product"
723,"安防集成","product"
724,"安全系统集成业务","product"
725,"集成电路制造","product"
726,"设备系统集成","product"
727,"雜集成服务","product"
728,"信息网络系统集成","product"
729,"安全集成","product"
730,"路况快速检测系统开发与集成","product"
731,"信息化与系统集成业务","product"
732,"功率转换集成控制器","product"
733,"ICT网络集成","product"
734,"集成解决方案","product"
735,"系统集成系统","product"
736,"制造及系统集成","product"
737,"半导体集成电路","product"
738,"电锅炉成套系统集成设备","product"
739,"集成房","product"
740,"系统集成设备","product"
741,"光伏集成","product"
742,"自动集成控制系统","product"
743,"信息系统集成服务","product"
744,"专用集成电路","product"
745,"安保系统集成","product"
746,"集成电路研发","product"
747,"洁净室系统集成工程施工","product"
748,"系统集成建设类项目","product"
749,"计算机系统集成工程","product"
750,"蓄电池集成体","product"
751,"建筑智能化工程和信息系统集成","product"
752,"二次雷达集成","product"
753,"承接网络系统集成","product"
754,"集成电路MMIC","product"
755,"集成电路制造设备","product"
756,"电信网络集成","product"
757,"网络集成服务","product"
758,"电子集成控制器","product"
759,"系统集成严品","product"
760,"光伏设备集成","product"
761,"半导体器件及集成电路","product"
762,"IT系统集成业务","product"
763,"计算机系统安全集成","product"
764,"工业电气节能系统集成","product"
765,"集成电路业务","product"
766,"系统集成及产品","product"
767,"与系统集成的服务","product"
768,"工程系统集成","product"
769,"信息化与系统集成硬件销售","product"
770,"集成组件","product"
771,"移动信息集成销售服务","product"
772,"能源信息集成管理系统","product"
773,"集成电路装备","product"
774,"集成类中间件","product"
775,"主要为系统集成业务","product"
776,"软件集成","product"
777,"教学系统集成业务","product"
778,"软件开发系统集成","product"
779,"集成变电站","product"
780,"电子设备与系统集成","product"
781,"自动化系统集成","product"
782,"集成吊顶照明模块","product"
783,"系统集成类","product"
784,"家庭智能集成设备","product"
785,"通信系统集成","product"
786,"计算机系统集成及服务","product"
787,"混合集成电路","product"
788,"中大规模集成电路","product"
789,"集成电路","product"
790,"各类集成电路","product"
791,"建筑智能化系统集成","product"
792,"承接系统集成工程等","product"
793,"集成房屋部品部件","product"
794,"弱电集成","product"
795,"电子信息系统集成","product"
796,"系统集成项目","product"
797,"网络安全集成","product"
798,"生产硅基半导体集成","product"
799,"电动汽车智能充电系统集成","product"
800,"网络集成安装服务","product"
801,"集成光电子器件","product"
802,"水处理设备集成系统销售","product"
803,"涉密信息系统集成","product"
804,"集成电路电板","product"
805,"系统集成研发","product"
806,"船舶电子集成系统","product"
807,"仿真系统集成","product"
808,"承接系统集成工程","product"
809,"集成吊顶","product"
810,"集成电路与关键元器件","product"
811,"模拟集成电路","product"
812,"电子电气设备集成系统","product"
813,"智能产品系统集成","product"
814,"研发与集成","product"
815,"通信系统集成服务","product"
816,"集成传感系统","product"
817,"卫星遥感应用系统集成","product"
818,"通信与信息化集成服务","product"
819,"智慧物流集成系统","product"
820,"设计集成","product"
821,"大数据集成","product"
822,"计算机系统集成与分销","product"
823,"集成橱柜","product"
824,"装配式建筑集成房屋","product"
825,"智能化集成系统","product"
826,"电子计算机系统集成","product"
827,"交通数据集成","product"
828,"集成房屋业务-销售业务","product"
829,"特种集成电路","product"
830,"特定用途集成电路","product"
831,"系统集成包","product"
832,"集成项目","product"
833,"者实木集成材","product"
834,"军民用集成电路","product"
835,"全媒体内容集成制作","product"
836,"智能化系统集成","product"
837,"系统集成分部","product"
838,"系统集成","product"
839,"电信系统集成","product"
840,"系统集成服务","product"
841,"实木集成地板","product"
842,"仓储系统自动化集成","product"
843,"海洋电力通信与系统集成","product"
844,"半导体集成电路研发","product"
845,"智能电网传输与系统集成","product"
846,"膜集成技术整体解决方案","product"
847,"计算机信息系统集成","product"
848,"水处理设备集成","product"
849,"膜集成系统","product"
850,"信息系统集成业务","product"
851,"智能化网络布线工程集成","product"
852,"水处理设备集成系统土建安装","product"
853,"系统集成控制软件","product"
854,"集成电路芯片设计","product"
855,"工业机器人集成装备","product"
856,"系统集成工程","product"
857,"系统集成与技术服务","product"
858,"工业互联网系统集成服务","product"
859,"系统集成和管理服务","product"
860,"新能源集成销售","product"
861,"工业总线集成系统","product"
862,"工程建设物资集成服务业务","product"
863,"数字娱乐系统集成","product"
864,"系统集成运营类项目","product"
865,"集成电路设计","product"
866,"信息化系统集成","product"
867,"集成电路贸易","product"
868,"车载电源集成","product"
869,"集成供货及安装","product"
870,"集成电路生产","product"
871,"控制系统集成方案","product"
872,"其他集成通信","product"
873,"集成电路封装测试材料","product"
874,"涉密计算机系统集成","product"
875,"集成开发环境","product"
876,"集团客户集成项目","product"
877,"智能控制系统集成","product"
878,"信息集成系统","product"
879,"集成电路和关键元器件","product"
880,"应用集成","product"
881,"信息集成","product"
882,"电力集成电路","product"
883,"计算机系统集成","product"
884,"仿真应用集成","product"
885,"集成电路模块","product"
886,"三维多媒体集成","product"
887,"集成电路封测","product"
888,"自动化立体库系统集成","product"
889,"方案集成","product"
890,"RFID系统集成","product"
891,"自动化设备与项目集成业务","product"
892,"智能集成吊顶","product"
893,"工业AI应用集成解决方案","product"
894,"集成吊顶扣板","product"
895,"计算系统集成产品","product"
896,"膜集成电路","product"
897,"光伏系统集成","product"
898,"集成","product"
899,"定制系统集成","product"
900,"供应链集成服务","product"
901,"系统集成和安防工程","product"
902,"计算机网络系统集成","product"
903,"舰船电子集成系统","product"
904,"系统集成商","product"
905,"应用与系统集成","product"
906,"集成电路及元器件","product"
907,"微电子集成电路","product"
908,"产品研制及工程集成","product"
909,"集成电路验证与分析服务","product"
910,"系统集成与服务","product"
911,"潍坊集成灶","product"
912,"集成设备销售","product"
913,"智能系统集成业务","product"
914,"自动化集成系统","product"
915,"集成电路板二","product"
916,"信息系统集成研发","product"
917,"安防智能集成类","product"
918,"应用系统集成","product"
919,"物流系统集成","product"
920,"集成灶","product"
921,"网络系统集成","product"
922,"系统集成和服务","product"
923,"集成业务","product"
924,"组装集成电路设备","product"
925,"光伏系统集成销售","product"
926,"弱电集成安装","product"
927,"IDC系统集成","product"
928,"电力传输与系统集成","product"
929,"安防系统集成","product"
930,"计算机系统集成服务","product"
931,"信息系统集成及服务","product"
932,"集成电路板","product"
933,"系统集成和运营管理","product"
934,"平板显示器件及模块","product"
935,"批发电子元器件","product"
936,"微波无源器件","product"
937,"无线电元器件","product"
938,"电能表元器件及零部件","product"
939,"射频元器件类","product"
940,"LampLED器件","product"
941,"配套电子元器件","product"
942,"电子元器件分销","product"
943,"光电器件系列","product"
944,"显示器件","product"
945,"器件和元件","product"
946,"其显示器件","product"
947,"光机电器件","product"
948,"电真空玻璃器件","product"
949,"主动器件","product"
950,"光纤激光器件","product"
951,"器件成品","product"
952,"电子元器件","product"
953,"光电显示薄膜器件","product"
954,"设计电力半导体器件","product"
955,"移动通信射频器件","product"
956,"光学材料及器件","product"
957,"电声元器件","product"
958,"咖啡机洗碗机洗衣机之元器件","product"
959,"微波陶瓷器件","product"
960,"功率半导体分立器件","product"
961,"光电源器件设计","product"
962,"电子器件业务","product"
963,"手机功能性器件","product"
964,"器件","product"
965,"晶体器件","product"
966,"LED器件","product"
967,"新型电子元器件制造","product"
968,"非线性光学晶体元器件","product"
969,"粘结磁器件","product"
970,"光通讯器件","product"
971,"电子真空器件制造","product"
972,"光电材料与器件","product"
973,"半导体工艺制成数字集成器件","product"
974,"光电显示器件","product"
975,"微波无源器件类","product"
976,"光学器件","product"
977,"电工器件","product"
978,"分立器件销售","product"
979,"射频连接器件","product"
980,"片式敏感器件系列","product"
981,"时钟管理器件","product"
982,"波器件","product"
983,"各类射频器件","product"
984,"电力电子元器件","product"
985,"电器元器件","product"
986,"光天源器件","product"
987,"LED显示器件","product"
988,"显示器件制造","product"
989,"半导体材料及器件","product"
990,"电子设备及元器件","product"
991,"电源管理器件","product"
992,"系统管理器件","product"
993,"红外成像器件","product"
994,"光电子元器件","product"
995,"微波通信设备及器件","product"
996,"微波器件","product"
997,"电真空器件","product"
998,"光电元器件及组件","product"
999,"电子元器件及产品","product"
1000,"光电子器件","product"
1001,"电子元器件销售","product"
1002,"光纤器件","product"
1003,"微波功率器件","product"
1004,"电子电器件","product"
1005,"电子元器件线下分销分部","product"
1006,"光元器件","product"
1007,"器件制造","product"
1008,"化成箔电子元器件原料","product"
1009,"绝缘材料及其器件","product"
1010,"半导体器件专用设备","product"
1011,"功能性电子器件","product"
1012,"无源器件","product"
1013,"创维液晶器件业务","product"
1014,"手机外部功能性器件","product"
1015,"断路器元器件","product"
1016,"基于大数据的电子元器件综合信息服务","product"
1017,"显示器件业务","product"
1018,"“新型平板显示器件","product"
1019,"矿用焊接及喷涂器件","product"
1020,"信号放大调理器件","product"
1021,"功率驱动器件","product"
1022,"液晶显示器件","product"
1023,"半导体器件","product"
1024,"光学元器件","product"
1025,"射频器件","product"
1026,"电子元器件测试筛选服务","product"
1027,"制造光伏设备及元器件","product"
1028,"精密电子连接器件","product"
1029,"激光晶体元器件","product"
1030,"非晶态半导体器件","product"
1031,"微波电控器件","product"
1032,"微电子及元器件","product"
1033,"陶瓷射频器件","product"
1034,"平板功能性器件","product"
1035,"光伏设备及元器件","product"
1036,"振动器件","product"
1037,"晶体元器件","product"
1038,"半导体显示器件","product"
1039,"光无源器件","product"
1040,"电子元器件制造业","product"
1041,"新型电子仪表元器件","product"
1042,"电光源配套器件","product"
1043,"光通信模块及器件","product"
1044,"通信接口器件","product"
1045,"光缆及光传感元器件","product"
1046,"磁性元器件","product"
1047,"电子原器件","product"
1048,"电子产品元器件","product"
1049,"微光电视摄像器件","product"
1050,"存储器器件","product"
1051,"半导体器件及集成电路","product"
1052,"LED光电元器件","product"
1053,"射频器件与设备","product"
1054,"光电子器件及元器件","product"
1055,"分立器件","product"
1056,"端口器件","product"
1057,"电子材料与器件","product"
1058,"电子元器件线上交易平台分部","product"
1059,"转换器件","product"
1060,"电器机械及器件","product"
1061,"磁器件","product"
1062,"电子元器件及仪器仪表","product"
1063,"陶瓷元器件","product"
1064,"新型测控器件","product"
1065,"电子器件","product"
1066,"中电器件业务","product"
1067,"微控制器器件","product"
1068,"电子元器件批发","product"
1069,"光电子器件与组件","product"
1070,"敏感元器件","product"
1071,"高精度电子元器件","product"
1072,"电声器件","product"
1073,"电子控制及气动元器件","product"
1074,"光电子器件制造","product"
1075,"防护功能器件","product"
1076,"LED光源器件","product"
1077,"数字电位器器件","product"
1078,"晶体元器件贸易","product"
1079,"电子元器件产品","product"
1080,"电子元器件代理","product"
1081,"电子设备与器件","product"
1082,"电子元器件产业互联网分部","product"
1083,"新型显示器件","product"
1084,"集成光电子器件","product"
1085,"电子器件及通信设备","product"
1086,"电子元器件分销业务","product"
1087,"发光器件","product"
1088,"电子元器件贸易类","product"
1089,"电力电子元器件制造","product"
1090,"一些开关断路器之类保护器件","product"
1091,"被动器件","product"
1092,"集成电路与关键元器件","product"
1093,"光电材料与元器件","product"
1094,"光敏器件","product"
1095,"光学材料及元器件","product"
1096,"电子元器件等","product"
1097,"结构模块器件","product"
1098,"电子元器件零售","product"
1099,"电子元器件授权分销分部","product"
1100,"SMDLED器件","product"
1101,"射频分立器件","product"
1102,"光电元器件","product"
1103,"制程-电子元器件","product"
1104,"电力半导体元器件","product"
1105,"电子元器件分销业务分部","product"
1106,"其他电子器件制造","product"
1107,"石英晶体器件","product"
1108,"功率半导体器件","product"
1109,"红外成像芯片与器件","product"
1110,"显示和传感器件业务","product"
1111,"空调冰箱之元器件","product"
1112,"新型电子元器件研制","product"
1113,"元器件测试业务","product"
1114,"精密光电薄膜元器件","product"
1115,"电容类器件","product"
1116,"相关器件","product"
1117,"特种线缆及器件","product"
1118,"片式元器件","product"
1119,"消费类电子金属器件","product"
1120,"光电连接器及传输器件","product"
1121,"断路器电器元器件","product"
1122,"电子元器件制造类","product"
1123,"激光器件","product"
1124,"微型电声元器件","product"
1125,"频控器件","product"
1126,"冰箱元器件","product"
1127,"器件参数","product"
1128,"半导体元器件封装测试","product"
1129,"LED封装器件","product"
1130,"手机内部功能性器件","product"
1131,"半导体元器件","product"
1132,"物联网器件","product"
1133,"微波有源和无源器件","product"
1134,"分立半导体器件","product"
1135,"光器件","product"
1136,"仪器仪表配件及电器件","product"
1137,"分离器件","product"
1138,"微波器件分部","product"
1139,"结构性电子器件","product"
1140,"电子功能器件","product"
1141,"电力电子半导体元器件","product"
1142,"航天微电子元器件","product"
1143,"光学材料与器件","product"
1144,"半导体分立器件制造","product"
1145,"光电器件","product"
1146,"元器件","product"
1147,"压电石英晶体元器件","product"
1148,"磁阻器件","product"
1149,"红外元器件及设备","product"
1150,"光器件及传感","product"
1151,"无源光器件","product"
1152,"光有源器件","product"
1153,"新型电子元器件","product"
1154,"网络通信磁性元器件","product"
1155,"线上电子元器件","product"
1156,"分立器件芯片","product"
1157,"STN液晶显示器件","product"
1158,"电子元器件等国内购销","product"
1159,"烧结磁器件","product"
1160,"光伏设备及元器件制造","product"
1161,"射频元器件","product"
1162,"纳米材料及器件","product"
1163,"光通信器件","product"
1164,"电力电子器件","product"
1165,"光电半导体器件","product"
1166,"绝缘材料及器件","product"
1167,"激光光学元器件","product"
1168,"无源被动元器件","product"
1169,"集成电路和关键元器件","product"
1170,"分立器件芯片销售","product"
1171,"数字逻辑器件","product"
1172,"全控型器件","product"
1173,"敏感器件","product"
1174,"显示器件产业","product"
1175,"新能源器件","product"
1176,"触控器件","product"
1177,"空调元器件","product"
1178,"无线网络通信元器件","product"
1179,"模拟开关器件","product"
1180,"轨道交通类磁性器件","product"
1181,"射频金属元器件","product"
1182,"有源器件","product"
1183,"半导体分立器件","product"
1184,"DWDM器件","product"
1185,"电子器件销售","product"
1186,"新光源电子元器件","product"
1187,"关键元器件板块","product"
1188,"触控显示器件材料","product"
1189,"光学元器件制造","product"
1190,"通信磁性元器件","product"
1191,"吸波材料及其器件","product"
1192,"数据变换器件","product"
1193,"精密器件","product"
1194,"金属射频器件","product"
1195,"导热材料及其器件","product"
1196,"集成电路及元器件","product"
1197,"新材料器件","product"
1198,"变动磁场微波铁氧体器件","product"
1199,"表示器件","product"
1200,"照明器件","product"
1201,"微电子器件","product"
1202,"电子材料及器件","product"
1203,"代理电子元器件","product"
1204,"微波薄膜元器件","product"
1205,"加工新型电子元器件","product"
1206,"微波铁氧体磁性器件","product"
1207,"显示与传感器件","product"
1208,"电子元器件制造","product"
1209,"TFT液晶显示器件","product"
1210,"周边器件","product"
1211,"功率放大器件","product"
1212,"电子元器件配件","product"
1213,"平板显示器件","product"
1214,"抗辐照器件","product"
1215,"光学成像元器件","product"
1216,"发光器件制造及封装","product"
1217,"大量微电子元器件","product"
1218,"EMC滤波器件","product"
1219,"电子设备及电子元器件","product"
1220,"3D显示器件","product"
1221,"元器件试验","product"
1222,"子元器件","product"
1223,"半导体材料与器件","product"
1224,"电抗器等磁性元器件","product"
1225,"光无源器件类","product"
1226,"Soc芯片-喷墨打印耗材芯片","product"
1227,"集成电路芯片","product"
1228,"数字芯片植入","product"
1229,"数字处理芯片","product"
1230,"高性能芯片","product"
1231,"AI音视频系统终端芯片","product"
1232,"人工智能芯片","product"
1233,"固定电话芯片","product"
1234,"嵌入式芯片","product"
1235,"RF射频芯片","product"
1236,"智能芯片","product"
1237,"芯片封测","product"
1238,"LED芯片-绿光","product"
1239,"非晶体硅太阳能电池芯片","product"
1240,"AI音视频系统芯片","product"
1241,"SOC芯片","product"
1242,"三结聚光太阳电池芯片","product"
1243,"数字通讯芯片","product"
1244,"便携消费电子cpu芯片","product"
1245,"LED芯片","product"
1246,"无线连接芯片","product"
1247,"芯片武器","product"
1248,"便携消费电子CPU芯片","product"
1249,"安全芯片与模块","product"
1250,"led芯片","product"
1251,"指纹识别芯片","product"
1252,"肖特基芯片","product"
1253,"驱动类芯片","product"
1254,"芯片销售分部","product"
1255,"便携教育电子cpu芯片","product"
1256,"芯片测试服务","product"
1257,"晶震控制芯片","product"
1258,"密码芯片","product"
1259,"SoC芯片","product"
1260,"固态存储系列芯片","product"
1261,"R芯片","product"
1262,"非电信类智能卡芯片","product"
1263,"卫星直播芯片","product"
1264,"南桥芯片","product"
1265,"智能视频监控系列芯片","product"
1266,"三维芯片","product"
1267,"Soc芯片-激光打印耗材芯片","product"
1268,"物联网系列芯片","product"
1269,"ASIC芯片-激光打印耗材芯片","product"
1270,"半导体芯片凸块","product"
1271,"半导体芯片及计算机软","product"
1272,"语音处理芯片","product"
1273,"晶体硅太阳电池芯片","product"
1274,"LED芯片-蓝光","product"
1275,"生物芯片","product"
1276,"无线收发芯片","product"
1277,"智能机顶盒芯片","product"
1278,"AI芯片","product"
1279,"加密芯片","product"
1280,"RFID芯片","product"
1281,"高速光电收发芯片","product"
1282,"模拟与互联芯片销售","product"
1283,"外延片芯片","product"
1284,"智能电视芯片","product"
1285,"电源管理类芯片","product"
1286,"MEMS压力传感器芯片","product"
1287,"芯片类","product"
1288,"智能终端芯片","product"
1289,"基因芯片","product"
1290,"计算机芯片","product"
1291,"北桥芯片","product"
1292,"LED蓝光芯片","product"
1293,"存储芯片销售","product"
1294,"芯片销售","product"
1295,"半导体芯片","product"
1296,"密码生成芯片","product"
1297,"soc芯片","product"
1298,"广播电视系列芯片","product"
1299,"芯片设计","product"
1300,"芯片业务","product"
1301,"存储器芯片业务","product"
1302,"智能LED照明驱动芯片","product"
1303,"MOSFET类芯片","product"
1304,"存储芯片","product"
1305,"主芯片","product"
1306,"薄膜太阳能电池芯片","product"
1307,"电容触控芯片","product"
1308,"视频编解码系列芯片","product"
1309,"音乐芯片","product"
1310,"功率半导体芯片","product"
1311,"芯片领域","product"
1312,"互连类芯片","product"
1313,"芯片镊子","product"
1314,"显示芯片","product"
1315,"GLTE芯片","product"
1316,"红外成像芯片与器件","product"
1317,"SIP芯片类","product"
1318,"芯片封装","product"
1319,"智能电源管理芯片","product"
1320,"安全芯片类","product"
1321,"传感器芯片","product"
1322,"含芯片","product"
1323,"SoC芯片类","product"
1324,"智能安全芯片","product"
1325,"含嵌入式软件的芯片","product"
1326,"电源管理芯片","product"
1327,"发光二极管芯片","product"
1328,"超多端口千兆以太网交换芯片","product"
1329,"便携教育电子CPU芯片","product"
1330,"芯片封装支架","product"
1331,"微处理器芯片销售","product"
1332,"数据通讯芯片","product"
1333,"芯片系列","product"
1334,"LED绿光芯片","product"
1335,"内存接口芯片","product"
1336,"非晶硅太阳电池芯片","product"
1337,"智能终端应用处理器芯片","product"
1338,"芯片类业务","product"
1339,"IC芯片","product"
1340,"集成电路芯片设计","product"
1341,"分立器件芯片","product"
1342,"ASIC芯片-喷墨打印耗材芯片","product"
1343,"基带芯片","product"
1344,"一块芯片","product"
1345,"分立器件芯片销售","product"
1346,"图像处理芯片","product"
1347,"视频监控多媒体处理芯片","product"
1348,"数字信号处理芯片","product"
1349,"消费电子芯片","product"
1350,"细胞芯片","product"
1351,"芯片","product"
1352,"生态负离子生成芯片","product"
1353,"通用LED照明驱动芯片","product"
1354,"指纹芯片","product"
1355,"智能视频芯片销售","product"
1356,"硅基液晶投影显示芯片","product"
1357,"非晶硅太阳能电池芯片","product"
1358,"外延芯片","product"
1359,"通讯芯片类","product"
1360,"芯片封装测试","product"
1361,"射频芯片","product"
1362,"赛格导航芯片","product"
1363,"将CPU芯片","product"
1364,"耗材芯片","product"
1365,"微处理器芯片","product"
1366,"乐町LED’IN女装","product"
1367,"单色LED","product"
1368,"LED文体教育传媒","product"
1369,"LED产业链","product"
1370,"LampLED器件","product"
1371,"LED封装","product"
1372,"LED合同能源管理","product"
1373,"LED照明","product"
1374,"LED控制","product"
1375,"LampLED","product"
1376,"LED芯片-绿光","product"
1377,"中大尺寸背光源LED","product"
1378,"LED条屏","product"
1379,"OLED调测系统","product"
1380,"LED设备","product"
1381,"LED控制与驱动类","product"
1382,"LED器件","product"
1383,"汽车应用LED","product"
1384,"LED发光灯","product"
1385,"LED节能灯具路灯改造工程的设计","product"
1386,"LED芯片","product"
1387,"LED显示屏业务","product"
1388,"中功率LED驱动电源","product"
1389,"亮度LED灯","product"
1390,"LED路灯/室内灯","product"
1391,"led芯片","product"
1392,"LED舞台灯","product"
1393,"LED手表","product"
1394,"三基色LED","product"
1395,"LED手电筒","product"
1396,"LED补光灯","product"
1397,"LED户外照明系列","product"
1398,"LED显示器件","product"
1399,"LED灯","product"
1400,"LED光源","product"
1401,"LED工程","product"
1402,"LED图形化衬底","product"
1403,"太阳能LED照明","product"
1404,"LED专业照明","product"
1405,"LED分光机","product"
1406,"LED精密封装支架","product"
1407,"LED护眼台灯","product"
1408,"LED综合能源","product"
1409,"LED彩幕","product"
1410,"OLED电视","product"
1411,"LED智能驱动电源","product"
1412,"小功率LED驱动电源","product"
1413,"LED灯泡","product"
1414,"LED灯泡散热器销售","product"
1415,"LED显示屏销售","product"
1416,"LED灯头","product"
1417,"全彩LED","product"
1418,"LED芯片-蓝光","product"
1419,"LED应用照明","product"
1420,"LED显示屏","product"
1421,"大功率LED驱动电源","product"
1422,"LED蓝宝石系列","product"
1423,"LED照明及节能产品","product"
1424,"显示应用LED","product"
1425,"LED背光源","product"
1426,"LED光电与绿能环保产业","product"
1427,"LED电视透镜","product"
1428,"LED太阳能草坪灯","product"
1429,"LEDLED分部","product"
1430,"蓝宝石LED衬底","product"
1431,"LED灯具","product"
1432,"SMDLED组件","product"
1433,"LED发光二极管","product"
1434,"LED 防爆照明产品","product"
1435,"背光LED","product"
1436,"LED光电元器件","product"
1437,"MLED事业","product"
1438,"户外LED大屏幕广告","product"
1439,"高密度直插式LED阵列","product"
1440,"LAMPLED","product"
1441,"LED电源","product"
1442,"LED景观照明","product"
1443,"OLED显示","product"
1444,"LED显示系统系列","product"
1445,"万颗全彩LED灯","product"
1446,"LED蓝光芯片","product"
1447,"LED休闲用品","product"
1448,"LED视频显示系统","product"
1449,"LED显示屏系列","product"
1450,"LED驱动电源","product"
1451,"LED室内灯具","product"
1452,"智能LED灯泡","product"
1453,"LED光源器件","product"
1454,"LED显示屏酒店运营服务","product"
1455,"中大尺寸LED背光源","product"
1456,"LED光源模块","product"
1457,"照明LED","product"
1458,"LED系列","product"
1459,"LED照明设备","product"
1460,"LED光电产品","product"
1461,"LED自动化组装","product"
1462,"LED类工程","product"
1463,"LED信息发布系统","product"
1464,"LED灯散热器","product"
1465,"全铝制LED监视器","product"
1466,"LED点阵","product"
1467,"智能LED照明驱动芯片","product"
1468,"LED照明灯","product"
1469,"LED大屏显示","product"
1470,"白光LED","product"
1471,"LED照明产品","product"
1472,"显示LED","product"
1473,"LED护栏管灯","product"
1474,"LED导电银胶","product"
1475,"LED路灯灯头","product"
1476,"SMDLED器件","product"
1477,"LED衬底片","product"
1478,"LED显示系统-LED信息发布和指示系统","product"
1479,"LED中小尺寸背光源","product"
1480,"LED照明器具","product"
1481,"双色LED","product"
1482,"LED检测仪","product"
1483,"AMOLED材料","product"
1484,"LED彩幕屏","product"
1485,"LED显示应用","product"
1486,"LED显示屏租赁","product"
1487,"LED封装器件","product"
1488,"光伏与LED照明","product"
1489,"LED 显示屏","product"
1490,"LED显示屏控制卡","product"
1491,"LED","product"
1492,"LED外延","product"
1493,"LED庭院用品","product"
1494,"LED灯具外壳","product"
1495,"LED草坪灯","product"
1496,"LED绿光芯片","product"
1497,"LED自动化设备","product"
1498,"直插LED","product"
1499,"LED汽车转向灯","product"
1500,"半导体LED装饰灯","product"
1501,"LED支架","product"
1502,"LEDIN女装","product"
1503,"LED材料","product"
1504,"LED外延片","product"
1505,"直插式LED照明光源","product"
1506,"LED业务分部","product"
1507,"高效LED光源","product"
1508,"中小尺寸LED背光源","product"
1509,"LED数码管","product"
1510,"LED灯具及照明灯具","product"
1511,"LampLED组件","product"
1512,"LED照明散热组件","product"
1513,"LED铝基板","product"
1514,"LED封装板块","product"
1515,"LED矩阵块","product"
1516,"LED灯饰","product"
1517,"LED文化传媒","product"
1518,"LED灯供电","product"
1519,"LED灯及其配件","product"
1520,"LED智能照明","product"
1521,"LED背光模组","product"
1522,"有机发光二极管OLED","product"
1523,"LED射灯透镜","product"
1524,"贴片式LED照明光源","product"
1525,"LED软光条","product"
1526,"LED电子显示屏","product"
1527,"珠宝灯具LED","product"
1528,"LED钥匙扣","product"
1529,"LED灯杯","product"
1530,"LED夹具","product"
1531,"LED应用品","product"
1532,"LED 应急照明产品","product"
1533,"LED散热组件","product"
1534,"LED显示屏控制器","product"
1535,"LED业务","product"
1536,"LED产品","product"
1537,"OLED平板显示屏","product"
1538,"LED牌照灯","product"
1539,"LED显示","product"
1540,"LED照明灯具","product"
1541,"通用LED照明驱动芯片","product"
1542,"LED通用照明","product"
1543,"LED加油站灯","product"
1544,"OLED检测系统","product"
1545,"LED路灯","product"
1546,"SMDLED","product"
1547,"LED类系统","product"
1548,"LED汽车照明","product"
1549,"LED应用","product"
1550,"LED太阳能照明灯","product"
1551,"LED室内照明系列","product"
1552,"LED交通信号灯","product"
1553,"半导体LED照明","product"
1554,"LED荧光板","product"
1555,"LED智能化装备","product"
1556,"段LED显示器","product"
1557,"LED小间距电视","product"
1558,"LED灯珠","product"
1559,"RGBLED显示屏","product"
1560,"装饰纸饰面板","product"
1561,"饰面板材","product"
1562,"面板检测系统","product"
1563,"双面板","product"
1564,"温控显示面板","product"
1565,"贴面板热压机","product"
1566,"面板—芯材—面板","product"
1567,"面板业务","product"
1568,"玻璃面板","product"
1569,"装饰贴面板","product"
1570,"上基面板","product"
1571,"薄膜光学面板","product"
1572,"饰面板","product"
1573,"贴面板","product"
1574,"触控面板","product"
1575,"超薄显示面板","product"
1576,"触控开关面板及模组","product"
1577,"不锈钢面板","product"
1578,"不锈钢镜面板","product"
1579,"面板玻璃","product"
1580,"控制面板","product"
1581,"单面板","product"
1582,"汽车内饰面板","product"
1583,"多面板","product"
1584,"液晶面板拼接处理器音响控制系统","product"
1585,"液晶面板","product"
1586,"K镜面板","product"
1587,"碳纤维面板","product"
1588,"面板支架","product"
1589,"石材面板","product"
1590,"柔性面板偏光片","product"
1591,"防腐屋面板","product"
1592,"铝合金面板","product"
1593,"下基面板","product"
1594,"屋面板","product"
1595,"金属饰面板","product"
1596,"面板自动化检测系统","product"
1597,"塑料贴面板","product"
1598,"单双面板.","product"
1599,"镜面板","product"
1600,"太阳能面板","product"
1601,"瓷砖面板","product"
1602,"STN面板","product"
1603,"面板","product"
1604,"集成电路芯片","product"
1605,"集成电路销售合同","product"
1606,"光纤网络电路","product"
1607,"前端模拟采集电路","product"
1608,"电路测试机","product"
1609,"发射电路","product"
1610,"行扫描电路","product"
1611,"积分电路","product"
1612,"整流电路","product"
1613,"滤波电路","product"
1614,"电子点火电路","product"
1615,"印制电路板制造","product"
1616,"印制电路板销售","product"
1617,"电路板等电器产品散件","product"
1618,"高精密集成电路","product"
1619,"恒压源电路","product"
1620,"集成电路产品","product"
1621,"RC电路板","product"
1622,"电力电子电路","product"
1623,"大规模集成电路","product"
1624,"微波混合集成电路","product"
1625,"稳压电路","product"
1626,"印刷电路板业务","product"
1627,"行振荡电路","product"
1628,"集成电路测试","product"
1629,"电路压降","product"
1630,"集成电路制造业务","product"
1631,"脉冲控制电路","product"
1632,"电路板表面元件贴片","product"
1633,"类电力电子电路","product"
1634,"柔性电路板组件","product"
1635,"电路","product"
1636,"突触四大电路","product"
1637,"电路板回收设备","product"
1638,"通信网络-通信类印制电路板","product"
1639,"闭合电路","product"
1640,"印制电路板业务","product"
1641,"电子集成电路设计","product"
1642,"液晶显示器及电路配件","product"
1643,"电子及集成电路胶带","product"
1644,"集成电路封装测试","product"
1645,"数字集成电路","product"
1646,"电路板","product"
1647,"控制电路","product"
1648,"伺服电路","product"
1649,"电路保护元件类","product"
1650,"运算电路","product"
1651,"集成电路引线框架","product"
1652,"保护电路","product"
1653,"读写电路","product"
1654,"接口电路","product"
1655,"集成电路制造","product"
1656,"计算机逻辑电路","product"
1657,"恒流源电路","product"
1658,"多层电路板","product"
1659,"基本电路元件","product"
1660,"微波电路与组件","product"
1661,"史密斯特电路","product"
1662,"PCB印制电路板","product"
1663,"半导体集成电路","product"
1664,"显示电路","product"
1665,"二阶电路","product"
1666,"金属基电路板","product"
1667,"电容电路","product"
1668,"专用集成电路","product"
1669,"集成电路研发","product"
1670,"D电路","product"
1671,"高频振荡电路","product"
1672,"集成电路MMIC","product"
1673,"集成电路制造设备","product"
1674,"电路销售","product"
1675,"半导体器件及集成电路","product"
1676,"集成电路业务","product"
1677,"安装在金属盒中电路","product"
1678,"柔性电路板","product"
1679,"线性电路","product"
1680,"电路单元","product"
1681,"印制电路板","product"
1682,"集成电路装备","product"
1683,"印刷电路板","product"
1684,"混合集成电路","product"
1685,"中大规模集成电路","product"
1686,"集成电路","product"
1687,"RLC电路","product"
1688,"各类集成电路","product"
1689,"小型家用电路产品","product"
1690,"高频柔性电路","product"
1691,"硬件电路","product"
1692,"IC电路","product"
1693,"检测电路","product"
1694,"汽车电路","product"
1695,"逻辑电路","product"
1696,"集成电路电板","product"
1697,"波形形成电路","product"
1698,"电芯保护电路板","product"
1699,"集成电路与关键元器件","product"
1700,"开关电路","product"
1701,"输入保护电路","product"
1702,"LC振荡电路","product"
1703,"半桥电路","product"
1704,"模拟集成电路","product"
1705,"放大输出电路","product"
1706,"各类印刷电路板","product"
1707,"输入接口电路","product"
1708,"反馈电路","product"
1709,"双面及多层电路板","product"
1710,"行AFC电路","product"
1711,"电路套管","product"
1712,"模数转换电路","product"
1713,"电子电路","product"
1714,"时钟电路","product"
1715,"定位指示电路","product"
1716,"相移电路","product"
1717,"传感器电路","product"
1718,"基因电路","product"
1719,"铁磁谐振电路","product"
1720,"调制电路","product"
1721,"特种集成电路","product"
1722,"输出接口电路","product"
1723,"特定用途集成电路","product"
1724,"军民用集成电路","product"
1725,"基本放大电路","product"
1726,"逻辑门电路","product"
1727,"并联逆变电路","product"
1728,"红外接收电路","product"
1729,"激光发生电路","product"
1730,"全波整流电路","product"
1731,"反馈放大电路","product"
1732,"半导体集成电路研发","product"
1733,"柔性电路封装基板","product"
1734,"集成电路芯片设计","product"
1735,"电路元件","product"
1736,"译码电路","product"
1737,"功能电路","product"
1738,"电源电路","product"
1739,"集成电路设计","product"
1740,"电路设计及测试服务","product"
1741,"集成电路贸易","product"
1742,"数字电路","product"
1743,"集成电路生产","product"
1744,"简单电子电路","product"
1745,"集成电路封装测试材料","product"
1746,"测量电路","product"
1747,"微型无线电发射电路","product"
1748,"电子电路产品配件","product"
1749,"集成电路和关键元器件","product"
1750,"整流主电路","product"
1751,"采样电路","product"
1752,"射频电路","product"
1753,"电力集成电路","product"
1754,"许多微电路","product"
1755,"集成电路模块","product"
1756,"集成电路封测","product"
1757,"差分电路","product"
1758,"二极管门电路","product"
1759,"转换电路","product"
1760,"振荡电路","product"
1761,"PCB电路板","product"
1762,"膜集成电路","product"
1763,"输入电路","product"
1764,"刚性电路板","product"
1765,"集成电路及元器件","product"
1766,"微电子集成电路","product"
1767,"基本逻辑电路","product"
1768,"电路系统","product"
1769,"集成电路验证与分析服务","product"
1770,"激光电源脉冲控制电路","product"
1771,"计数电路","product"
1772,"接收电路","product"
1773,"集成电路板二","product"
1774,"放大电路","product"
1775,"电容滤波电路","product"
1776,"电解电路系统","product"
1777,"组装集成电路设备","product"
1778,"控制电路终端","product"
1779,"门电路","product"
1780,"驱动电路","product"
1781,"振铃电路","product"
1782,"数模转换电路","product"
1783,"微电路模块","product"
1784,"集成电路板","product"
1785,"电子产品及相关零部件","product"
1786,"批发电子元器件","product"
1787,"电子印章系统","product"
1788,"电子式调节阀","product"
1789,"智能汽车电子–车载互联系统","product"
1790,"计算机及电子设备","product"
1791,"电子自动化设备","product"
1792,"电子油墨","product"
1793,"电子告示系统","product"
1794,"电子产品批零兼营","product"
1795,"电子产品及耗材","product"
1796,"电子盒","product"
1797,"大功率电力电子业务","product"
1798,"通信电子制造","product"
1799,"电子产品设计服务","product"
1800,"高真空新型电子薄膜","product"
1801,"RFID电子门票","product"
1802,"电子科技大学","product"
1803,"微电子学院","product"
1804,"配套电子元器件","product"
1805,"电子元器件分销","product"
1806,"磁电子","product"
1807,"消费电子业务","product"
1808,"一电子","product"
1809,"电子专用材料制造","product"
1810,"笔记本电脑消费电子所用柔性印刷线路板","product"
1811,"电子新材料","product"
1812,"电子电气材料","product"
1813,"电子放大镜","product"
1814,"汽车电子相关零部件","product"
1815,"电子签章系统","product"
1816,"消费电子表面处理业务","product"
1817,"电子行车秤","product"
1818,"电子信息类业务","product"
1819,"消费类电子产品","product"
1820,"核外电子","product"
1821,"汽车电子部件","product"
1822,"电子认证服务","product"
1823,"电子专用设备","product"
1824,"消费电子塑料件","product"
1825,"五金交电及电子产品","product"
1826,"电子工艺装备","product"
1827,"智能汽车电子–汽车安全系统","product"
1828,"通用电子产品","product"
1829,"电子点火电路","product"
1830,"电子产品制造","product"
1831,"无线通讯电子产品","product"
1832,"租赁电力电子设备","product"
1833,"电子部品","product"
1834,"含电子公告服务","product"
1835,"无线移动电子信息产品","product"
1836,"电力电子类","product"
1837,"跨境电商电子商务服务","product"
1838,"电子分销业务","product"
1839,"电子系统工程施工","product"
1840,"电力电子装置连同变流变压器","product"
1841,"USB电子烟","product"
1842,"电子商务经销业务","product"
1843,"电子业","product"
1844,"家用电器电子智能控制器","product"
1845,"电子机械一体化产品","product"
1846,"电子厨房秤","product"
1847,"电子元器件","product"
1848,"汽车电子","product"
1849,"电子信息系统","product"
1850,"废电子产出物","product"
1851,"易星电子烟","product"
1852,"电子专用设备仪器","product"
1853,"电子通讯材料","product"
1854,"电子计时设备","product"
1855,"电子透镜","product"
1856,"电子光箔","product"
1857,"电子材料板块","product"
1858,"电子出版物及音像制品","product"
1859,"车载电子标签","product"
1860,"电子渠道","product"
1861,"电子声像工程","product"
1862,"通信和其他电子设备","product"
1863,"电子专业市场经营与服务","product"
1864,"电子数据鉴定","product"
1865,"电子材料贸易","product"
1866,"电子银行类","product"
1867,"电子交易平台综合服务","product"
1868,"电力电子实验室","product"
1869,"电子出版物复制","product"
1870,"农业电子商务","product"
1871,"电子烟液","product"
1872,"电子音像","product"
1873,"电力电子电路","product"
1874,"核外轨道电子","product"
1875,"反电子","product"
1876,"电子计算机批发","product"
1877,"电子产品设计","product"
1878,"家用电器和电子产品","product"
1879,"汽车电子电器附件","product"
1880,"电子出版物出版","product"
1881,"TCL电子","product"
1882,"电子器件业务","product"
1883,"电子电器","product"
1884,"电子胶","product"
1885,"自产自销电子产品","product"
1886,"新型电子元器件制造","product"
1887,"廊坊市电子政务","product"
1888,"电子控制转向","product"
1889,"便携消费电子cpu芯片","product"
1890,"电子测量仪器制造","product"
1891,"电子商务代运营业务","product"
1892,"新材料和电子化学品","product"
1893,"电子元件及组件","product"
1894,"电子设备工程安装服务","product"
1895,"电子工程","product"
1896,"电子监控设备研发","product"
1897,"电子制程-净电净化","product"
1898,"微电子产品","product"
1899,"通信电子设备","product"
1900,"电子设计","product"
1901,"电子政务","product"
1902,"基于大数据的电子产业链B","product"
1903,"电子流量计","product"
1904,"机电电子设备","product"
1905,"电子通信电缆","product"
1906,"超声电子仪器","product"
1907,"电子定位胶","product"
1908,"电子商务领域","product"
1909,"电子真空器件制造","product"
1910,"高温电子胶","product"
1911,"电子制程-电子工具","product"
1912,"电子变压器","product"
1913,"便携消费电子CPU芯片","product"
1914,"电子节拍器","product"
1915,"电力电子产品","product"
1916,"电子材料","product"
1917,"光电子产品及雷达","product"
1918,"电子器具","product"
1919,"电子模具","product"
1920,"电子玻璃","product"
1921,"电子产品及辅助设备","product"
1922,"电子白板","product"
1923,"电子吊秤","product"
1924,"电子阅读设备","product"
1925,"汽车电子控制类零部件","product"
1926,"电子工程设计服务","product"
1927,"低烟无卤电子线","product"
1928,"高新电子","product"
1929,"电子管风琴","product"
1930,"光电子材料","product"
1931,"电子产品信息咨询","product"
1932,"电子吊磅称","product"
1933,"光学光电子","product"
1934,"对电子行业","product"
1935,"商用电子衡器","product"
1936,"智能型电力电子模块","product"
1937,"电力电子与智能控制","product"
1938,"绕核旋转电子","product"
1939,"电子引信","product"
1940,"类电力电子电路","product"
1941,"电子工程施工","product"
1942,"电子听漏仪","product"
1943,"电子商务服务平台","product"
1944,"电子整机","product"
1945,"电子通信通讯器材","product"
1946,"新型电子墨水显示产品","product"
1947,"电子设备批发零售","product"
1948,"游戏电子出版物服务","product"
1949,"便携教育电子cpu芯片","product"
1950,"电子血压计","product"
1951,"电子元件","product"
1952,"自助电子寄存柜类设备","product"
1953,"电力电子元器件","product"
1954,"电子控制器","product"
1955,"电子软标签","product"
1956,"电子元件制造业","product"
1957,"生物电子装置","product"
1958,"跨境电子商务","product"
1959,"电子绝缘材料","product"
1960,"电子工具","product"
1961,"电子及通讯设备","product"
1962,"电子工业专用设备","product"
1963,"电子配件","product"
1964,"太阳能电子闹钟","product"
1965,"通力电子","product"
1966,"电子自动化工程","product"
1967,"电子出版物编辑出版","product"
1968,"电子设备及元器件","product"
1969,"半导体电子元件","product"
1970,"电子配件组装","product"
1971,"电子式燃气表","product"
1972,"电子仪表","product"
1973,"电子器械和器材","product"
1974,"光电子元器件","product"
1975,"电子及电气设备","product"
1976,"电子工业胶","product"
1977,"电子集成电路设计","product"
1978,"电感电子","product"
1979,"电子层存在于原子中","product"
1980,"微电子学相结合","product"
1981,"电子商务贸易","product"
1982,"电子数据取证设备与大数据平台","product"
1983,"金融电子机具","product"
1984,"电子控制","product"
1985,"包括电子","product"
1986,"电子废弃物综合利用","product"
1987,"信息电子类","product"
1988,"家用电子产品","product"
1989,"电子制造业","product"
1990,"电子及集成电路胶带","product"
1991,"电子计算机软硬件","product"
1992,"电子游艺","product"
1993,"电子产品及传感器","product"
1994,"电子竞技战队","product"
1995,"电子半导体专用设备","product"
1996,"电子吊钩秤","product"
1997,"电子课件编辑制作","product"
1998,"新能源汽车电子","product"
1999,"电力电子","product"
2000,"电子脉冲流量计","product"
2001,"电子玻璃平板清洗机","product"
2002,"汽车电子装置研发","product"
2003,"家用电子产品修理","product"
2004,"消费类电子超精密零件","product"
2005,"电子元器件及产品","product"
2006,"电子通信","product"
2007,"光电子器件","product"
2008,"电子元器件销售","product"
2009,"电子电器设备","product"
2010,"电子登机牌","product"
2011,"电子镇流器","product"
2012,"消费类电子散热配件","product"
2013,"电子支付密码器","product"
2014,"电子表","product"
2015,"计算机与电子信息","product"
2016,"电子支付销售","product"
2017,"医药电子交易","product"
2018,"电子电器件","product"
2019,"电子元器件线下分销分部","product"
2020,"电子系统","product"
2021,"自产自销电子信息产品","product"
2022,"服务型电子制造","product"
2023,"化成箔电子元器件原料","product"
2024,"液晶电子","product"
2025,"包含原医药电子政务业务","product"
2026,"电子监控手链","product"
2027,"电子邮件地址","product"
2028,"医用电子仪器设备批发","product"
2029,"便携式消费电子类","product"
2030,"批发电子设备","product"
2031,"电子授权","product"
2032,"电子产品及零配件","product"
2033,"制造电子计算机软硬件","product"
2034,"军工电子","product"
2035,"零配件及相关电子产品","product"
2036,"电子特种玻璃新产品","product"
2037,"电子公告服务","product"
2038,"功能性电子器件","product"
2039,"电子式蜂鸣器","product"
2040,"外围电子","product"
2041,"电子计数器","product"
2042,"基于大数据的电子元器件综合信息服务","product"
2043,"互联网电子商务与服务","product"
2044,"电子保健器材","product"
2045,"电子论","product"
2046,"电子控制模块","product"
2047,"光学电子产品","product"
2048,"电子设备销售","product"
2049,"电子称重","product"
2050,"车辆电子控制系统","product"
2051,"家用电器及电子产品","product"
2052,"电子级胶粘","product"
2053,"电子器材","product"
2054,"柔性电子显示屏销售","product"
2055,"电子级胶粘材料","product"
2056,"电子特气","product"
2057,"销售功能性湿电子化学品","product"
2058,"电子扫描踏板","product"
2059,"电子卡票","product"
2060,"电子模组","product"
2061,"电子打火枪","product"
2062,"电力电子设备","product"
2063,"电子通讯","product"
2064,"其他电子设备","product"
2065,"单相电子式电能表","product"
2066,"电子电容器","product"
2067,"电子线","product"
2068,"五金产品及电子产品","product"
2069,"税控电子设备","product"
2070,"电子测量仪器","product"
2071,"电子栏杆","product"
2072,"电子元器件测试筛选服务","product"
2073,"多媒体电子终端设备","product"
2074,"超薄电子玻璃","product"
2075,"车用电子产品","product"
2076,"精密电子连接器件","product"
2077,"废弃电器电子拆解","product"
2078,"电子产品及零部件加工","product"
2079,"电子和数字出版物","product"
2080,"电子专用设备及配件","product"
2081,"电子计算机外部设备","product"
2082,"电子出版物零售","product"
2083,"车载电子与电器","product"
2084,"电脑及周边电子产品","product"
2085,"电子封装","product"
2086,"电子商务","product"
2087,"其他电子部件","product"
2088,"电子围栏主机","product"
2089,"电子设备安装工程施工","product"
2090,"电子级薄膜材料","product"
2091,"电子产品及设备","product"
2092,"微电子及元器件","product"
2093,"船舶电子设备","product"
2094,"消费类电子","product"
2095,"电子产品零售","product"
2096,"电子胃镜","product"
2097,"电子产品相关配套设备","product"
2098,"电子伺服系统","product"
2099,"中高压电子铝箔销售","product"
2100,"电子束扫描系统","product"
2101,"电子路标","product"
2102,"电子整机类","product"
2103,"电子对抗","product"
2104,"数码电子及家电","product"
2105,"电子仪器","product"
2106,"电子产品及通信设备","product"
2107,"特种电子用膜","product"
2108,"电子笔","product"
2109,"电子烟油","product"
2110,"电子交易系统","product"
2111,"电子设备制造业","product"
2112,"电子计算机及外部设备","product"
2113,"金融电子设备","product"
2114,"汽车电子控制单元","product"
2115,"电子层数","product"
2116,"厨房电子设备","product"
2117,"家用电子衡器","product"
2118,"电子散热器","product"
2119,"电子式电能表","product"
2120,"消费类电子智能设备","product"
2121,"其他电子设备制造","product"
2122,"电子摄像装置","product"
2123,"智能电子系统","product"
2124,"电子元器件制造业","product"
2125,"新型电子仪表元器件","product"
2126,"汽车电子服务","product"
2127,"爱漫语音电子标签","product"
2128,"相关电子产品","product"
2129,"真空电子","product"
2130,"电子废弃物与报废汽车拆解","product"
2131,"电子商务系统平台","product"
2132,"电子标签系统","product"
2133,"智能汽车电子-电子功能件","product"
2134,"电子仪器设备及其软件","product"
2135,"级三相电子式电能表","product"
2136,"电子制版机","product"
2137,"电子仪器仪表","product"
2138,"汽车电子标识","product"
2139,"电子设备精密结构件","product"
2140,"制造加工与电子科技","product"
2141,"电子零配件","product"
2142,"电子膨胀阀","product"
2143,"电子原器件","product"
2144,"电子产品元器件","product"
2145,"电子销售","product"
2146,"电子集成控制器","product"
2147,"电子显示设备","product"
2148,"电子标签卡","product"
2149,"电子网络工程","product"
2150,"电子信息业","product"
2151,"精密电子产品模具","product"
2152,"电子调谐器","product"
2153,"电子扫描鸽钟","product"
2154,"赛格柏狮电子大厦","product"
2155,"电子商贸","product"
2156,"电子大屏幕显示屏","product"
2157,"电子收款机及系统","product"
2158,"医用电子仪器设备","product"
2159,"电子计算机软件","product"
2160,"电子信息显示","product"
2161,"电子计算机及其配件","product"
2162,".电子白板","product"
2163,"电子雷管","product"
2164,"电子聚乙烯","product"
2165,"汽车智能电子控制系统","product"
2166,"电子线缆","product"
2167,"电子侦察吊舱","product"
2168,"电子和数字出版物零售","product"
2169,"电子风点火器","product"
2170,"电子产品","product"
2171,"电子粉体材料","product"
2172,"光电子器件及元器件","product"
2173,"电子标签技术","product"
2174,"电子传感器","product"
2175,"电子工业设备","product"
2176,"电子节能灯","product"
2177,"电子材料与器件","product"
2178,"微电子","product"
2179,"电子元器件线上交易平台分部","product"
2180,"电子散热膏","product"
2181,"电子元器件及仪器仪表","product"
2182,"电子商务业务","product"
2183,"电子陶瓷系列","product"
2184,"电子器件","product"
2185,"电子计算机及配件","product"
2186,"电子驱蚊器","product"
2187,"消费电子类激光加工设备","product"
2188,"液化气电子秤","product"
2189,"电力电子系统","product"
2190,"电子点火装置","product"
2191,"电子元器件批发","product"
2192,"电子光学系统","product"
2193,"电子程控器","product"
2194,"计算机及其他电子设备","product"
2195,"电子出版物复制业务","product"
2196,"通信系统电子信号","product"
2197,"电子贸易","product"
2198,"电子焊接","product"
2199,"发动机冷却液-电子商务","product"
2200,"光电子器件与组件","product"
2201,"电子数码产品","product"
2202,"电子枪","product"
2203,"汽车电子类","product"
2204,"电子工程系统","product"
2205,"电子设备应用到生活中","product"
2206,"电子产品专门零售","product"
2207,"电子通讯产品","product"
2208,"高精度电子元器件","product"
2209,"电子设备与系统集成","product"
2210,"电子线路产品","product"
2211,"电子引伸计","product"
2212,"通信电子产品","product"
2213,"新能源汽车电子制造","product"
2214,"电子显示屏等户外广告","product"
2215,"创新消费电子","product"
2216,"电子设备用机电元件","product"
2217,"电力电子元件","product"
2218,"制造电子产品","product"
2219,"电子分销","product"
2220,"电子元件制造","product"
2221,"电子接插件","product"
2222,"光电子器材","product"
2223,"电子设备生产与研发","product"
2224,"电子控制及气动元器件","product"
2225,"制造电子及通信设备","product"
2226,"特装电子销售","product"
2227,"电子件","product"
2228,"电子出版物批发","product"
2229,"电子信息产品板卡","product"
2230,"光电子器件制造","product"
2231,"机械电子设备","product"
2232,"自动化机械及电子部件","product"
2233,"电子元件销售","product"
2234,"电子商务销售","product"
2235,"光电子","product"
2236,"废弃电器电子拆解物","product"
2237,"电子电源","product"
2238,"批发机械电子设备","product"
2239,"特种电子信息","product"
2240,"LE照明电子","product"
2241,"电子自助服务设备","product"
2242,"电子计算机软","product"
2243,"相关电子模块","product"
2244,"电子雾化器","product"
2245,"电子考官","product"
2246,"电子陶瓷材料","product"
2247,"电子商务信息咨询服务","product"
2248,"电子设备及产品","product"
2249,"电子银行手续费","product"
2250,"智能汽车电子-车载互联系统","product"
2251,"水声电子防务","product"
2252,"电子元器件产品","product"
2253,"电子检测设备","product"
2254,"电子元器件代理","product"
2255,"电子设备与器件","product"
2256,"消费电子连接器","product"
2257,"汽车电子装置","product"
2258,"电子化学材料配套设备","product"
2259,"电子信息系统集成","product"
2260,"电子元器件产业互联网分部","product"
2261,"是三星电子推出新","product"
2262,"电子","product"
2263,"电子控制箱","product"
2264,"电子装联产品","product"
2265,"微细电子线材","product"
2266,"电子飞靶","product"
2267,"通用电子电力产品","product"
2268,"汽车电子控制系统","product"
2269,"电子计算机硬件","product"
2270,"承接电子应用系统工程","product"
2271,"激光扫描电子价签","product"
2272,"电子游戏","product"
2273,"家用类电子检测","product"
2274,"正电子","product"
2275,"出版物及电子出版物","product"
2276,"电力电子装置","product"
2277,"电子计算机整机制造","product"
2278,"制造电子及材料","product"
2279,"电子白板制造","product"
2280,"电子皮肤","product"
2281,"电子科技","product"
2282,"集成光电子器件","product"
2283,"信息电子配件","product"
2284,"电子通信设备制造","product"
2285,"电子表面贴装","product"
2286,"电子衡器","product"
2287,"电子支付密码系统产品","product"
2288,"精密电子产品","product"
2289,"电子器件及通信设备","product"
2290,"电子元器件分销业务","product"
2291,"电子工程及产品","product"
2292,"进口电子元件","product"
2293,"电子校正","product"
2294,"电子计算机及外围设备","product"
2295,"三相电子式电能表","product"
2296,"电子终端设备","product"
2297,"汽车电子产品及部件","product"
2298,"电子元器件贸易类","product"
2299,"电子产品及通讯设备","product"
2300,"电力电子元器件制造","product"
2301,"电子功能陶瓷产品研究","product"
2302,"电子蓝军","product"
2303,"电子信息设备","product"
2304,"电子标签及电子设备","product"
2305,"电子装备","product"
2306,"船舶电子集成系统","product"
2307,"数字电子计算机","product"
2308,"电子焊接设备类","product"
2309,"生活类电子出版物出版","product"
2310,"电子信息系统工程","product"
2311,"电子政务信息管理系统","product"
2312,"电子加热装置","product"
2313,"电子终端实体交易市场分部","product"
2314,"电子游艺服务","product"
2315,"电子级玻璃纤维纱","product"
2316,"电子定量包装机","product"
2317,"贵度电子烟","product"
2318,"智能电子精密小件","product"
2319,"金融电子产品","product"
2320,"电力电子成套设备","product"
2321,"电子电气设备集成系统","product"
2322,"机械电子产品","product"
2323,"电子烟业务","product"
2324,"电子元器件等","product"
2325,"电子出版物总发行","product"
2326,"微电子贸易","product"
2327,"电子油门踏板","product"
2328,"电子皮带秤","product"
2329,"电子元器件零售","product"
2330,"机械电子","product"
2331,"汽车电子电器销售","product"
2332,"电子元器件授权分销分部","product"
2333,"电子连接器","product"
2334,"电子政务信息","product"
2335,"H-INK电子纸","product"
2336,"制程-电子元器件","product"
2337,"新能源电子材料","product"
2338,"电子围栏系统","product"
2339,"电子通讯设备","product"
2340,"电子纸显示类","product"
2341,"医疗电子产品","product"
2342,"智能电子刹车系统","product"
2343,"电子元器件分销业务分部","product"
2344,"电子镇流","product"
2345,"其他电子器件制造","product"
2346,"电力电子变压器","product"
2347,"电子制程-化工辅料","product"
2348,"电子电路","product"
2349,"消费电子精密结构件分部","product"
2350,"电子加工","product"
2351,"电子传递链","product"
2352,"电子转换变压器","product"
2353,"电子类","product"
2354,"消费电子分销业务","product"
2355,"电子专用材料研发","product"
2356,"电子出版物","product"
2357,"出版电子出版物","product"
2358,"高温电子标签","product"
2359,"消费电子结构件","product"
2360,"高精度电子产品模具","product"
2361,"电子系统工程","product"
2362,"高压电子脉冲主机前端探测栏杆","product"
2363,"电子计算机系统集成","product"
2364,"电子工程安装","product"
2365,"电子通信产品","product"
2366,"电子商务平台建设","product"
2367,"户外运动电子设备","product"
2368,"电子加速器","product"
2369,"电子工程专业承包","product"
2370,"生意通电子商务服务","product"
2371,"新型电子元器件研制","product"
2372,"电子产品零配件","product"
2373,"电子设备研发","product"
2374,"电子计算机及零件","product"
2375,"电子驱鼠器","product"
2376,"儿童电子娱乐","product"
2377,"其他电子产品零售","product"
2378,"电子开关","product"
2379,"微电子材料","product"
2380,"电子废弃物拆解","product"
2381,"电子设备安装","product"
2382,"电子控制单元","product"
2383,"智能汽车电子–电子功能件","product"
2384,"电子电源业务","product"
2385,"触控模组等电子产品","product"
2386,"电子设备安装工程","product"
2387,"消费类电子金属器件","product"
2388,"电子建设工程专业施工","product"
2389,"上消化道电子内窥镜","product"
2390,"工业级电子","product"
2391,"电子烟","product"
2392,"电子智能控制器","product"
2393,"电子元器件制造类","product"
2394,"电子制程-仪器仪表","product"
2395,"电子分拣系统","product"
2396,"润滑油-电子商务","product"
2397,"片式电子元件","product"
2398,"汽车电子装备产品","product"
2399,"车载电器与电子","product"
2400,"电子产品批发兼零售","product"
2401,"电子设备租赁","product"
2402,"电子管","product"
2403,"水合电子","product"
2404,"电子应用产品","product"
2405,"电子制造服务","product"
2406,"金融电子商务服务业务","product"
2407,"智能汽车电子–人机交互","product"
2408,"电子监控设备及系统","product"
2409,"电子信息产品","product"
2410,"电子视听设备","product"
2411,"电子软件","product"
2412,"各类电子智能控制器","product"
2413,"一体化电子节能灯","product"
2414,"电子熏香炉","product"
2415,"电子与智能化工程","product"
2416,"机械电子驱动系统","product"
2417,"电子标签","product"
2418,"电子设备及配件","product"
2419,"电子信息","product"
2420,"其他电子产品","product"
2421,"电子浆料","product"
2422,"电子支付","product"
2423,"电子商务及信息化建设","product"
2424,"便携教育电子CPU芯片","product"
2425,"电子计算机信息处理","product"
2426,"电子焊接类设备","product"
2427,"旅游电子商务","product"
2428,"电子控制组件","product"
2429,"消费类电子精密结构件","product"
2430,"电子机械加工","product"
2431,"航空发动机电子","product"
2432,"消费电子","product"
2433,"医药电子商务","product"
2434,"结构性电子器件","product"
2435,"电子遥控启动设备","product"
2436,"电子功能器件","product"
2437,"电力电子半导体元器件","product"
2438,"电子设备工程","product"
2439,"电子油门踏板总成","product"
2440,"电子部品制造与服务","product"
2441,"航天微电子元器件","product"
2442,"电子/电磁式互感器","product"
2443,"汽车电子产品","product"
2444,"电子电器装配","product"
2445,"电子信息材料","product"
2446,"电子工业专业设备","product"
2447,"电子标识产品","product"
2448,"电子产品及其配件","product"
2449,"电子和信息","product"
2450,"电子扫描足环","product"
2451,"节能环保与新能源电子","product"
2452,"航空电子设备","product"
2453,"电子商务服务","product"
2454,"电子信息业务","product"
2455,"电子式电表制造","product"
2456,"电子产品及配套产品","product"
2457,"汽车电子智能控制器","product"
2458,"电子市场经营","product"
2459,"新型电子元器件","product"
2460,"电子逆变焊机","product"
2461,"智能电子穿戴设备","product"
2462,"线上电子元器件","product"
2463,"精密电子部件","product"
2464,"电子商品","product"
2465,"导航电子地图","product"
2466,"汽车智能电子","product"
2467,"精密电子零部件","product"
2468,"电子计算机整机","product"
2469,"电子及信息产品","product"
2470,"电子商务服务业务","product"
2471,"电子装备类","product"
2472,"材料和机械电子设备","product"
2473,"电子胶粘带","product"
2474,"电子元器件等国内购销","product"
2475,"磁电子材料制","product"
2476,"一简单电子","product"
2477,"微电子类","product"
2478,"防撕电子标签","product"
2479,"智能电子产品","product"
2480,"电子工业胶带","product"
2481,"电子工业专用设备制造","product"
2482,"电子计时器","product"
2483,"电子铝箔","product"
2484,"玩具及电子玩具","product"
2485,"电子真空泵","product"
2486,"电子风场发生器","product"
2487,"汽车电子电气","product"
2488,"电子硬盘","product"
2489,"电子代工","product"
2490,"消费电子类电源","product"
2491,"电子级玻璃布","product"
2492,"电子显示屏","product"
2493,"电子体重秤","product"
2494,"电子汽车衡","product"
2495,"智能家居电子类贸易","product"
2496,"汽车电子分部","product"
2497,"电子产品检测","product"
2498,"电子特装","product"
2499,"现代电子商贸与园区服务","product"
2500,"通讯用电子连接器","product"
2501,"电子浆料系列","product"
2502,"电子装联","product"
2503,"电子支付智能卡","product"
2504,"简单电子电路","product"
2505,"电子塑封模具","product"
2506,"电力电子器件","product"
2507,"汽车电子线","product"
2508,"传感器类电子","product"
2509,"批发电子产品","product"
2510,"电子专用设备制造","product"
2511,"电子支票系统","product"
2512,"塑胶电子制品","product"
2513,"汽车车身电子控制系统","product"
2514,"电子电路产品配件","product"
2515,"物联网RFID电子标签","product"
2516,"通信设备及电子产品","product"
2517,"电子对抗系统","product"
2518,"消费性电子","product"
2519,"大屏幕电子显示系统","product"
2520,"LED电子显示屏","product"
2521,"电子专用材料","product"
2522,"电子封装材料","product"
2523,"海事电子单品","product"
2524,"电子票务系统","product"
2525,"电子终端线下交易平台分部","product"
2526,"电子粉","product"
2527,"消费类电子领域","product"
2528,"金融电子","product"
2529,"电子产品批发","product"
2530,"电子式互感器","product"
2531,"电子回单系统","product"
2532,"电子排污阀","product"
2533,"旅游服务业-电子商务手续费","product"
2534,"电子元件及组件制造","product"
2535,"汽车电子系统","product"
2536,"汽车安全电子","product"
2537,"消费电子芯片","product"
2538,"车载电子产品","product"
2539,"电子化学品","product"
2540,"电子与智能化工程施工","product"
2541,"电子设备及附件","product"
2542,"通信类电子","product"
2543,"电子电工机械专用设备","product"
2544,"电子器件销售","product"
2545,"移动电子商务","product"
2546,"新光源电子元器件","product"
2547,"电子寄存柜","product"
2548,"电子消费品","product"
2549,"电子设备","product"
2550,"购销电子产品","product"
2551,"专用电子电气装置","product"
2552,"电力电子应用系统","product"
2553,"电子胶带","product"
2554,"消费电子类","product"
2555,"消费电子材","product"
2556,"S级电子式多功能电能表","product"
2557,"光电子产品","product"
2558,"电子功能材料","product"
2559,"光电设备及电子产品","product"
2560,"耐高温电子标签","product"
2561,"消费电子散热配件","product"
2562,"电子化学材料","product"
2563,"语音电子标签","product"
2564,"医疗电子类","product"
2565,"电子制程-电子设备","product"
2566,"电子社区工程","product"
2567,"电子产品研发","product"
2568,"电子工程设计安装","product"
2569,"电子及通信设备","product"
2570,"电子与智能化工程设计","product"
2571,"电子商务分部","product"
2572,"电子汕门踏板","product"
2573,"电子计算机","product"
2574,"电气与电子类","product"
2575,"微型电子控制器","product"
2576,"电子显微镜","product"
2577,"电动工具电子智能控制器","product"
2578,"舰船电子集成系统","product"
2579,"电子商务咨询","product"
2580,"光电子设备","product"
2581,"微电子集成电路","product"
2582,"电子吊磅秤","product"
2583,"电子销售业务","product"
2584,"电子设备安装与服务","product"
2585,"网络与电子通信产品","product"
2586,"是三星电子推出新一代液晶技术","product"
2587,"电子摄像头","product"
2588,"电子工业用控制设备","product"
2589,"微电子器件","product"
2590,"电子游戏服务","product"
2591,"电子类产品","product"
2592,"电子材料及器件","product"
2593,"代理电子元器件","product"
2594,"家电与消费类电子","product"
2595,"柔性线路板电子","product"
2596,"定制化电子电器组件","product"
2597,"电子数据交换","product"
2598,"电子产品配件","product"
2599,"电子游戏机","product"
2600,"C电子","product"
2601,"加工新型电子元器件","product"
2602,"电子信息类","product"
2603,"电子产品及其部件","product"
2604,"电子产品及零部件","product"
2605,"车载电子","product"
2606,"电子特种气体","product"
2607,"航空电子","product"
2608,"电子元器件制造","product"
2609,"电子热工设备","product"
2610,"智能汽车电子-汽车安全系统","product"
2611,"电子废物","product"
2612,"电子玻璃加工设备","product"
2613,"电子电器产品","product"
2614,"汽车电子点火系统","product"
2615,"电子智能支付设备","product"
2616,"消防电子产品","product"
2617,"消费电子类塑料件","product"
2618,"电子原辅材料","product"
2619,"电子元器件配件","product"
2620,"电子气体","product"
2621,"电子驱动零部件","product"
2622,"日用电子产品","product"
2623,"陶瓷电子元件","product"
2624,"电子对抗兵","product"
2625,"电器电子配件","product"
2626,"电子采集发讯模块","product"
2627,"电子材料检测服务","product"
2628,"电子医疗产品","product"
2629,"电子商务与贸易","product"
2630,"电子支付密码系统","product"
2631,"大量微电子元器件","product"
2632,"电子节气门","product"
2633,"废弃电器电子产品处理","product"
2634,"电子用挠性材料","product"
2635,"光伏电力电子","product"
2636,"电子元件材料","product"
2637,"电子商务师考试","product"
2638,"电子交易灯","product"
2639,"委托加工电子产品","product"
2640,"电子监控设备","product"
2641,"电子产品及配件","product"
2642,"智能汽车电子-人机交互","product"
2643,"电子设备及电子元器件","product"
2644,"电子显示产品","product"
2645,"电子墨水屏销售","product"
2646,"特殊电子业务","product"
2647,"报废电子产品","product"
2648,"电子测试夹具","product"
2649,"电子设备类贸易","product"
2650,"电子内窥镜","product"
2651,"电子天平","product"
2652,"Γ射线电子","product"
2653,"电子出版物制作","product"
2654,"电子尺","product"
2655,"消费电子板","product"
2656,"电子辅料","product"
2657,"信息电子设备结构件","product"
2658,"数码电子产品","product"